Workbook

Sheet KPI Calculation
I1: Metro(Mr. Sarath Hewanayaka) | X1: REGION 1(Mr. Harindra Atapattu) | AP1: Region 2(Mr. W.S.P.Welikada) | BE1: Region 3(Mr. M Pathmachuthan)
I2: Metro 1(Mr. Inesh Attanayaka) | R2: Metro 2(Mr. Lidira Guruge) | X2: WPN(Mr. Krishantha Sandaruwan) | AD2: NWP(Mr. Sanjaya Perera) | AJ2: CP(Mr. Rajiv Weragama) | AP2: SAB & UVA(Mr. Damitha Angunawala) | AV2: SP(Ms.Nilanka Menike) | BB2: WPS(Mr. Thisan Dammith) | BE2: EP(Mr. Y.Gobinath) | BH2: NP(Mr. S.M.J.M.Senanayake)
I3: NW/WPC1(Manjula) | L3: NW/WPC2(Ruwan) | O3: NW/WPE(Indika) | R3: NW/WP S-W(Karunananda) | U3: NW/WP S-E(Vishwajith) | X3: NW/WPN(Lansakkara) | AA3: NW/WP N-E(Kamal) | AD3: NW/NWP-E(Thilini) | AG3: NW/NWP-W(Thilanga) | AJ3: NW/CPN(Manora) | AM3: NW/CPS(Iranga) | AP3: NW/UVA(Roshan) | AS3: NW/SAB(Chintaka) | AV3: NW/SPE(Thilina) | AY3: NW/SPW(Wasantha) | BB3: WPS(Lalin) | BE3: NW/EP(Kishanthan) | BH3: NW/NP-1(Nandakumaran) | BK3: NW/NP-2(Puveehan) | BN3: NW/NCP(Dileepa)
I4: HK | L4: CEN/MD | O4: KON/KX | R4: ND/RM | U4: AW/HO | X4: NG/WT | AA4: GQ/KI/NTB | AD4: KG/KLY | AG4: CW/PX | AJ4: KY/MT | AM4: GP/HT/NW | AP4: BD/BW/MRG | AS4: KE/RN | AV4: EMB/HB/MH | AY4: AG/GL | BB4: HR/KT/PH | BE4: BC/AP/KL/TC | BH4: JA | BK4: KO/MLT/MB/VA | BN4: AD/PR
A5: #+A5:G20 | B5: Perspectives | C5: Strategic Objectives (KRA) | D5: Category | E5: Key Performance Indicators (KPI) | F5: Target | G5: Weightage | H5: Points Applicable | I5: Achieved KPI | J5: Maximum Points Per KPI | K5: Points Achieved | L5: Achieved KPI | M5: Maximum Points Per KPI | N5: Points Achieved | O5: Achieved KPI | P5: Maximum Points Per KPI | Q5: Points Achieved | R5: Achieved KPI | S5: Maximum Points Per KPI | T5: Points Achieved | U5: Achieved KPI | V5: Maximum Points Per KPI | W5: Points Achieved | X5: Achieved KPI | Y5: Maximum Points Per KPI | Z5: Points Achieved | AA5: Achieved KPI | AB5: Maximum Points Per KPI | AC5: Points Achieved | AD5: Achieved KPI | AE5: Maximum Points Per KPI | AF5: Points Achieved | AG5: Achieved KPI | AH5: Maximum Points Per KPI | AI5: Points Achieved | AJ5: Achieved KPI | AK5: Maximum Points Per KPI | AL5: Points Achieved | AM5: Achieved KPI | AN5: Maximum Points Per KPI | AO5: Points Achieved | AP5: Achieved KPI | AQ5: Maximum Points Per KPI | AR5: Points Achieved | AS5: Achieved KPI | AT5: Maximum Points Per KPI | AU5: Points Achieved | AV5: Achieved KPI | AW5: Maximum Points Per KPI | AX5: Points Achieved | AY5: Achieved KPI | AZ5: Maximum Points Per KPI | BA5: Points Achieved | BB5: Achieved KPI | BC5: Maximum Points Per KPI | BD5: Points Achieved | BE5: Achieved KPI | BF5: Maximum Points Per KPI | BG5: Points Achieved | BH5: Achieved KPI | BI5: Maximum Points Per KPI | BJ5: Points Achieved | BK5: Achieved KPI | BL5: Maximum Points Per KPI | BM5: Points Achieved | BN5: Achieved KPI | BO5: Maximum Points Per KPI | BP5: Points Achieved
A6: 1 | B6: Customer | C6: Service Assurance | D6: Transmission | E6: Fiber Failures Restoration(General): < 4 Hrs | F6: Above 85% | G6: =H6/$H$31 -> 0.088888889 | H6: 8000 | I6: ='OTN Operations'!G13 -> 1 | J6: =$H$6/20 -> 400 | K6: =IF('OTN Operations'!G14=0,'KPI Calculation'!$J$6,IF(I6>0.85,J6,J6*I6/0.85)) -> 400 | L6: ='OTN Operations'!H13 -> 1 | M6: =$H$6/20 -> 400 | N6: =IF('OTN Operations'!H14=0,M6,IF(L6>0.85,M6,M6*L6/0.85)) -> 400 | O6: ='OTN Operations'!L13 -> 1 | P6: =$H$6/20 -> 400 | Q6: =IF('OTN Operations'!L14=0,'KPI Calculation'!P6,IF(O6>0.85,P6,P6*O6/0.85)) -> 400 | R6: ='OTN Operations'!J13 -> 0.5 | S6: =$H$6/20 -> 400 | T6: =IF('OTN Operations'!J14=0,'KPI Calculation'!S6,IF(R6>0.85,S6,S6*R6/0.85)) -> 235.29412 | U6: ='OTN Operations'!K13 -> 0 | V6: =$H$6/20 -> 400 | W6: =IF('OTN Operations'!K14=0,'KPI Calculation'!V6,IF(U6>0.85,V6,V6*U6/0.85)) -> 0 | X6: ='OTN Operations'!M13 -> 0.75 | Y6: =$H$6/20 -> 400 | Z6: =IF('OTN Operations'!M14=0,'KPI Calculation'!Y6,IF(X6>0.85,Y6,Y6*X6/0.85)) -> 352.94118 | AA6: ='OTN Operations'!I13 -> 0.14285714 | AB6: =$H$6/20 -> 400 | AC6: =IF('OTN Operations'!I14=0,'KPI Calculation'!AB6,IF(AA6>0.85,AB6,AB6*AA6/0.85)) -> 67.226891 | AD6: ='OTN Operations'!N13 -> 1 | AE6: =$H$6/20 -> 400 | AF6: =IF('OTN Operations'!N14=0,'KPI Calculation'!AE6,IF(AD6>0.85,AE6,AE6*AD6/0.85)) -> 400 | AG6: ='OTN Operations'!O13 -> 0.8 | AH6: =$H$6/20 -> 400 | AI6: =IF('OTN Operations'!O14=0,'KPI Calculation'!AH6,IF(AG6>0.85,AH6,AH6*AG6/0.85)) -> 376.47059 | AJ6: ='OTN Operations'!P13 -> 1 | AK6: =$H$6/20 -> 400 | AL6: =IF('OTN Operations'!P14=0,'KPI Calculation'!AK6,IF(AJ6>0.85,AK6,AK6*AJ6/0.85)) -> 400 | AM6: ='OTN Operations'!Q13 -> 0.94642857 | AN6: =$H$6/20 -> 400 | AO6: =IF('OTN Operations'!Q14=0,'KPI Calculation'!AN6,IF(AM6>0.85,AN6,AN6*AM6/0.85)) -> 400 | AP6: ='OTN Operations'!S13 -> 1 | AQ6: =$H$6/20 -> 400 | AR6: =IF('OTN Operations'!S14=0,'KPI Calculation'!AQ6,IF(AP6>0.85,AQ6,AQ6*AP6/0.85)) -> 400 | AS6: ='OTN Operations'!T13 -> 1 | AT6: =$H$6/20 -> 400 | AU6: =IF('OTN Operations'!T14=0,'KPI Calculation'!AT6,IF(AS6>0.85,AT6,AT6*AS6/0.85)) -> 400 | AV6: ='OTN Operations'!U13 -> 0.25 | AW6: =$H$6/20 -> 400 | AX6: =IF('OTN Operations'!U14=0,'KPI Calculation'!AW6,IF(AW6>0.85,AW6,AW6*AV6/0.85)) -> 400 | AY6: ='OTN Operations'!V13 -> 1 | AZ6: =$H$6/20 -> 400 | BA6: =IF('OTN Operations'!V14=0,'KPI Calculation'!AZ6,IF(AY6>0.85,AZ6,AZ6*AY6/0.85)) -> 400 | BB6: ='OTN Operations'!W13 -> 1 | BC6: =$H$6/20 -> 400 | BD6: =IF('OTN Operations'!W14=0,'KPI Calculation'!BC6,IF(BB6>0.85,BC6,BC6*BB6/0.85)) -> 400 | BE6: ='OTN Operations'!X13 -> 1 | BF6: =$H$6/20 -> 400 | BG6: =IF('OTN Operations'!X14=0,'KPI Calculation'!BF6,IF(BE6>0.85,BF6,BF6*BE6/0.85)) -> 400 | BH6: ='OTN Operations'!Y13 -> 0.85714286 | BI6: =$H$6/20 -> 400 | BJ6: =IF('OTN Operations'!Y14=0,'KPI Calculation'!BI6,IF(BH6>0.85,BI6,BI6*BH6/0.85)) -> 400 | BK6: ='OTN Operations'!Z13 -> 1 | BL6: =$H$6/20 -> 400 | BM6: =IF('OTN Operations'!Z14=0,'KPI Calculation'!BL6,IF(BK6>0.85,BL6,BL6*BK6/0.85)) -> 400 | BN6: ='OTN Operations'!R13 -> 0.52941176 | BO6: =$H$6/20 -> 400 | BP6: =IF('OTN Operations'!R14=0,'KPI Calculation'!BO6,IF(BN6>0.85,BO6,BO6*BN6/0.85)) -> 249.13495
A7: 2 | B7: Customer | C7: Service Assurance | D7: Transmission | E7: Fiber Failures Restoration (Large scale< Pole damages etc>): < 8 Hrs | F7: Above 80% | G7: =H7/$H$31 -> 0.044444444 | H7: 4000 | I7: ='OTN Operations'!G16 -> 1 | J7: =$H$7/20 -> 200 | K7: =IF('OTN Operations'!G17=0,'KPI Calculation'!J7,(IF(I7>0.8,J7,J7*I7/0.8))) -> 200 | L7: ='OTN Operations'!H16 -> 1 | M7: =$H$7/20 -> 200 | N7: =IF('OTN Operations'!H17=0,'KPI Calculation'!M7,(IF(L7>0.8,M7,M7*L7/0.8))) -> 200 | O7: ='OTN Operations'!L16 -> 1 | P7: =$H$7/20 -> 200 | Q7: =IF('OTN Operations'!L17=0,'KPI Calculation'!P7,(IF(O7>0.8,P7,P7*O7/0.8))) -> 200 | R7: ='OTN Operations'!J16 -> 1 | S7: =$H$7/20 -> 200 | T7: =IF('OTN Operations'!J17=0,'KPI Calculation'!S7,(IF(R7>0.8,S7,S7*R7/0.8))) -> 200 | U7: ='OTN Operations'!K16 -> 0 | V7: =$H$7/20 -> 200 | W7: =IF('OTN Operations'!K17=0,'KPI Calculation'!V7,(IF(U7>0.8,V7,V7*U7/0.8))) -> 0 | X7: ='OTN Operations'!M16 -> 1 | Y7: =$H$7/20 -> 200 | Z7: =IF('OTN Operations'!M17=0,'KPI Calculation'!Y7,(IF(X7>0.8,Y7,Y7*X7/0.8))) -> 200 | AA7: ='OTN Operations'!I16 -> 1 | AB7: =$H$7/20 -> 200 | AC7: =IF('OTN Operations'!I17=0,'KPI Calculation'!AB7,(IF(AA7>0.8,AB7,AB7*AA7/0.8))) -> 200 | AD7: ='OTN Operations'!N16 -> 1 | AE7: =$H$7/20 -> 200 | AF7: =IF('OTN Operations'!N17=0,'KPI Calculation'!AE7,(IF(AD7>0.8,AE7,AE7*AD7/0.8))) -> 200 | AG7: ='OTN Operations'!O16 -> 1 | AH7: =$H$7/20 -> 200 | AI7: =IF('OTN Operations'!O17=0,'KPI Calculation'!AH7,(IF(AG7>0.8,AH7,AH7*AG7/0.8))) -> 200 | AJ7: ='OTN Operations'!P16 -> 0.9 | AK7: =$H$7/20 -> 200 | AL7: =IF('OTN Operations'!P17=0,'KPI Calculation'!AK7,(IF(AJ7>0.8,AK7,AK7*AJ7/0.8))) -> 200 | AM7: ='OTN Operations'!Q16 -> 0.83333333 | AN7: 181.5 | AO7: =IF('OTN Operations'!Q17=0,'KPI Calculation'!AN7,(IF(AM7>0.8,AN7,AN7*AM7/0.8))) -> 181.5 | AP7: ='OTN Operations'!S16 -> 1 | AQ7: =$H$7/20 -> 200 | AR7: =IF('OTN Operations'!S17=0,'KPI Calculation'!AQ7,(IF(AP7>0.8,AQ7,AQ7*AP7/0.8))) -> 200 | AS7: ='OTN Operations'!T16 -> 0.82142857 | AT7: =$H$7/20 -> 200 | AU7: =IF('OTN Operations'!T17=0,'KPI Calculation'!AT7,(IF(AS7>0.8,AT7,AT7*AS7/0.8))) -> 200 | AV7: ='OTN Operations'!U16 -> 0 | AW7: =$H$7/20 -> 200 | AX7: =IF('OTN Operations'!U17=0,'KPI Calculation'!AW7,(IF(AV7>0.8,AW7,AW7*AV7/0.8))) -> 0 | AY7: ='OTN Operations'!V16 -> 1 | AZ7: =$H$7/20 -> 200 | BA7: =IF('OTN Operations'!V17=0,'KPI Calculation'!AZ7,(IF(AY7>0.8,AZ7,AZ7*AY7/0.8))) -> 200 | BB7: ='OTN Operations'!W16 -> 0.875 | BC7: =$H$7/20 -> 200 | BD7: =IF('OTN Operations'!W17=0,'KPI Calculation'!BC7,(IF(BB7>0.8,BC7,BC7*BB7/0.8))) -> 200 | BE7: ='OTN Operations'!X16 -> 1 | BF7: =$H$7/20 -> 200 | BG7: =IF('OTN Operations'!X17=0,'KPI Calculation'!BF7,(IF(BE7>0.8,BF7,BF7*BE7/0.8))) -> 200 | BH7: ='OTN Operations'!Y16 -> 1 | BI7: =$H$7/20 -> 200 | BJ7: =IF('OTN Operations'!Y17=0,'KPI Calculation'!BI7,(IF(BH7>0.8,BI7,BI7*BH7/0.8))) -> 200 | BK7: ='OTN Operations'!Z16 -> 0.8 | BL7: =$H$7/20 -> 200 | BM7: =IF('OTN Operations'!Z17=0,'KPI Calculation'!BL7,(IF(BK7>0.8,BL7,BL7*BK7/0.8))) -> 200 | BN7: ='OTN Operations'!R16 -> 1 | BO7: =$H$7/20 -> 200 | BP7: =IF('OTN Operations'!R17=0,'KPI Calculation'!BO7,(IF(BN7>0.8,BO7,BO7*BN7/0.8))) -> 200
A8: 3 | B8: Customer | C8: Service Assurance | D8: Network Availability | E8: SLBN Node Availability | F8: 99.999% | G8: =H8/$H$31 -> 0.02 | H8: 1800 | I8: ='OTN Operations'!G5 -> 1 | J8: =$H$8*'OTN Operations'!G8/'OTN Operations'!$AA$8 -> 49.315068 | K8: =IF(I8>0.99999,J8,J8*I8/0.99999) -> 49.315068 | L8: ='OTN Operations'!H5 -> 1 | M8: =$H$8*'OTN Operations'!H8/'OTN Operations'!$AA$8 -> 73.972603 | N8: =IF(L8>0.99999,M8,M8*L8/0.99999) -> 73.972603 | O8: ='OTN Operations'!L5 -> 1 | P8: =$H$8*'OTN Operations'!L8/'OTN Operations'!$AA$8 -> 98.630137 | Q8: =IF(O8>0.99999,P8,P8*O8/0.99999) -> 98.630137 | R8: ='OTN Operations'!J5 -> 1 | S8: =$H$8*'OTN Operations'!J8/'OTN Operations'!$AA$8 -> 123.28767 | T8: =IF(R8>0.99999,S8,S8*R8/0.99999) -> 123.28767 | U8: ='OTN Operations'!K5 -> 1 | V8: =$H$8*'OTN Operations'!K8/'OTN Operations'!$AA$8 -> 73.972603 | W8: =IF(U8>0.99999,V8,V8*U8/0.99999) -> 73.972603 | X8: ='OTN Operations'!M5 -> 1 | Y8: =$H$8*'OTN Operations'!M8/'OTN Operations'!$AA$8 -> 147.94521 | Z8: =IF(X8>0.99999,Y8,Y8*X8/0.99999) -> 147.94521 | AA8: ='OTN Operations'!I5 -> 1 | AB8: =$H$8*'OTN Operations'!I16/'OTN Operations'!$AA$14 -> 11.111111 | AC8: =IF(AA8>0.99999,AB8,AB8*AA8/0.99999) -> 11.111111 | AD8: ='OTN Operations'!N5 -> 1 | AE8: =$H$8*'OTN Operations'!N8/'OTN Operations'!$AA$8 -> 49.315068 | AF8: =IF(AD8>0.99999,AE8,AE8*AD8/0.99999) -> 49.315068 | AG8: ='OTN Operations'!O5 -> 1 | AH8: =$H$8*'OTN Operations'!O8/'OTN Operations'!$AA$8 -> 24.657534 | AI8: =IF(AG8>0.99999,AH8,AH8*AG8/0.99999) -> 24.657534 | AJ8: ='OTN Operations'!P5 -> 1 | AK8: =$H$8*'OTN Operations'!P8/'OTN Operations'!$AA$8 -> 73.972603 | AL8: =IF(AJ8>0.99999,AK8,AK8*AJ8/0.99999) -> 73.972603 | AM8: ='OTN Operations'!Q5 -> 1 | AN8: =$H$8*'OTN Operations'!Q8/'OTN Operations'!$AA$8 -> 73.972603 | AO8: =IF(AM8>0.99999,AN8,AN8*AM8/0.99999) -> 73.972603 | AP8: ='OTN Operations'!S5 -> 1 | AQ8: =$H$8*'OTN Operations'!S8/'OTN Operations'!$AA$8 -> 73.972603 | AR8: =IF(AP8>0.99999,AQ8,AQ8*AP8/0.99999) -> 73.972603 | AS8: ='OTN Operations'!T5 -> 1 | AT8: =$H$8*'OTN Operations'!T8/'OTN Operations'!$AA$8 -> 147.94521 | AU8: =IF(AS8>0.99999,AT8,AT8*AS8/0.99999) -> 147.94521 | AV8: ='OTN Operations'!U5 -> 1 | AW8: =$H$8*'OTN Operations'!U8/'OTN Operations'!$AA$8 -> 98.630137 | AX8: =IF(AV8>0.99999,AW8,AW8*AV8/0.99999) -> 98.630137 | AY8: ='OTN Operations'!V5 -> 1 | AZ8: =$H$8*'OTN Operations'!V8/'OTN Operations'!$AA$8 -> 49.315068 | BA8: =IF(AY8>0.99999,AZ8,AZ8*AY8/0.99999) -> 49.315068 | BB8: ='OTN Operations'!W5 -> 1 | BC8: =$H$8*'OTN Operations'!W8/'OTN Operations'!$AA$8 -> 73.972603 | BD8: =IF(BB8>0.99999,BC8,BC8*BB8/0.99999) -> 73.972603 | BE8: ='OTN Operations'!X5 -> 1 | BF8: =$H$8*'OTN Operations'!X8/'OTN Operations'!$AA$8 -> 147.94521 | BG8: =IF(BE8>0.99999,BF8,BF8*BE8/0.99999) -> 147.94521 | BH8: ='OTN Operations'!Y5 -> 1 | BI8: =$H$8*'OTN Operations'!Y8/'OTN Operations'!$AA$8 -> 24.657534 | BJ8: =IF(BH8>0.99999,BI8,BI8*BH8/0.99999) -> 24.657534 | BK8: ='OTN Operations'!Z5 -> 1 | BL8: =$H$8*'OTN Operations'!Z8/'OTN Operations'!$AA$8 -> 147.94521 | BM8: =IF(BK8>0.99999,BL8,BL8*BK8/0.99999) -> 147.94521 | BN8: ='OTN Operations'!R5 -> 1 | BO8: =$H$8*'OTN Operations'!R8/'OTN Operations'!$AA$8 -> 147.94521 | BP8: =IF(BN8>0.99999,BO8,BO8*BN8/0.99999) -> 147.94521
A9: 4 | B9: Customer | C9: Service Assurance | D9: Network Availability | E9: IP Core Node Availability | F9: 99.999% | G9: =H9/$H$31 -> 0.02 | H9: 1800 | I9: ='IP NW Operations'!G6 -> 1 | J9: =$H$9*'IP NW Operations'!G9/'IP NW Operations'!AA9 -> 600 | K9: =IF(I9>0.99999,J9,J9*I9/0.99999) -> 600 | L9: ='IP NW Operations'!H6 -> 1 | M9: =$H$9*'IP NW Operations'!H9/'IP NW Operations'!$AA$9 -> 0 | N9: =IF(L9>0.99999,M9,M9*L9/0.99999) -> 0 | O9: ='IP NW Operations'!L6 -> 1 | P9: =$H$9*'IP NW Operations'!L9/'IP NW Operations'!$AA$9 -> 0 | Q9: =IF(O9>0.99999,P9,P9*O9/0.99999) -> 0 | R9: ='IP NW Operations'!J6 -> 1 | S9: =$H$9*'IP NW Operations'!J9/'IP NW Operations'!$AA$9 -> 0 | T9: =IF(R9>0.99999,S9,S9*R9/0.99999) -> 0 | U9: ='IP NW Operations'!K6 -> 1 | V9: =$H$9*'IP NW Operations'!K9/'IP NW Operations'!$AA$9 -> 0 | W9: =IF(U9>0.99999,V9,V9*U9/0.99999) -> 0 | X9: ='IP NW Operations'!M6 -> 1 | Y9: =$H$9*'IP NW Operations'!M9/'IP NW Operations'!$AA$9 -> 0 | Z9: =IF(X9>0.99999,Y9,Y9*X9/0.99999) -> 0 | AA9: ='IP NW Operations'!I6 -> 1 | AB9: =$H$9*'IP NW Operations'!I9/'IP NW Operations'!$AA$9 -> 0 | AC9: =IF(AA9>0.99999,AB9,AB9*AA9/0.99999) -> 0 | AD9: ='IP NW Operations'!N6 -> 1 | AE9: =$H$9*'IP NW Operations'!N9/'IP NW Operations'!$AA$9 -> 300 | AF9: =IF(AD9>0.99999,AE9,AE9*AD9/0.99999) -> 300 | AG9: ='IP NW Operations'!O6 -> 1 | AH9: =$H$9*'IP NW Operations'!O9/'IP NW Operations'!$AA$9 -> 0 | AI9: =IF(AG9>0.99999,AH9,AH9*AG9/0.99999) -> 0 | AJ9: ='IP NW Operations'!P6 -> 1 | AK9: =$H$9*'IP NW Operations'!P9/'IP NW Operations'!$AA$9 -> 300 | AL9: =IF(AJ9>0.99999,AK9,AK9*AJ9/0.99999) -> 300 | AM9: ='IP NW Operations'!Q6 -> 1 | AN9: =$H$9*'IP NW Operations'!Q9/'IP NW Operations'!$AA$9 -> 0 | AO9: =IF(AM9>0.99999,AN9,AN9*AM9/0.99999) -> 0 | AP9: ='IP NW Operations'!S6 -> 1 | AQ9: =$H$9*'IP NW Operations'!S9/'IP NW Operations'!$AA$9 -> 0 | AR9: =IF(AP9>0.99999,AQ9,AQ9*AP9/0.99999) -> 0 | AS9: ='IP NW Operations'!T6 -> 1 | AT9: =$H$9*'IP NW Operations'!T9/'IP NW Operations'!$AA$9 -> 300 | AU9: =IF(AS9>0.99999,AT9,AT9*AS9/0.99999) -> 300 | AV9: ='IP NW Operations'!U6 -> 1 | AW9: =$H$9*'IP NW Operations'!U9/'IP NW Operations'!$AA$9 -> 0 | AX9: =IF(AV9>0.99999,AW9,AW9*AV9/0.99999) -> 0 | AY9: ='IP NW Operations'!V6 -> 1 | AZ9: =$H$9*'IP NW Operations'!V9/'IP NW Operations'!$AA$9 -> 0 | BA9: =IF(AY9>0.99999,AZ9,AZ9*AY9/0.99999) -> 0 | BB9: ='IP NW Operations'!W6 -> 1 | BC9: =$H$9*'IP NW Operations'!W9/'IP NW Operations'!$AA$9 -> 300 | BD9: =IF(BB9>0.99999,BC9,BC9*BB9/0.99999) -> 300 | BE9: ='IP NW Operations'!X6 -> 1 | BF9: =$H$9*'IP NW Operations'!X9/'IP NW Operations'!$AA$9 -> 0 | BG9: =IF(BE9>0.99999,BF9,BF9*BE9/0.99999) -> 0 | BH9: ='IP NW Operations'!Y6 -> 1 | BI9: =$H$9*'IP NW Operations'!Y9/'IP NW Operations'!$AA$9 -> 0 | BJ9: =IF(BH9>0.99999,BI9,BI9*BH9/0.99999) -> 0 | BK9: ='IP NW Operations'!Z6 -> 1 | BL9: =$H$9*'IP NW Operations'!Z9/'IP NW Operations'!$AA$9 -> 0 | BM9: =IF(BK9>0.99999,BL9,BL9*BK9/0.99999) -> 0 | BN9: ='IP NW Operations'!R6 -> 1 | BO9: =$H$9*'IP NW Operations'!R9/'IP NW Operations'!$AA$9 -> 0 | BP9: =IF(BN9>0.99999,BO9,BO9*BN9/0.99999) -> 0
A10: 5 | B10: Customer | C10: Service Assurance | D10: Network Availability | E10: BSR Node availability | F10: 99.990% | G10: =H10/$H$31 -> 0.005 | H10: 450 | I10: ='IP NW Operations'!G10 -> 1 | J10: =$H$10*'IP NW Operations'!G13/'IP NW Operations'!$AA$13 -> 105.88235 | K10: =IF(I10>0.9999,J10,J10*I10/0.9999) -> 105.88235 | L10: ='IP NW Operations'!H10 -> 1 | M10: =$H$10*'IP NW Operations'!H13/'IP NW Operations'!$AA$13 -> 0 | N10: =IF(L10>0.9999,M10,M10*L10/0.9999) -> 0 | O10: ='IP NW Operations'!L10 -> 1 | P10: =$H$10*'IP NW Operations'!L13/'IP NW Operations'!$AA$13 -> 26.470588 | Q10: =IF(O10>0.9999,P10,P10*O10/0.9999) -> 26.470588 | R10: ='IP NW Operations'!J10 -> 1 | S10: =$H$10*'IP NW Operations'!J13/'IP NW Operations'!$AA$13 -> 26.470588 | T10: =IF(R10>0.9999,S10,S10*R10/0.9999) -> 26.470588 | U10: ='IP NW Operations'!K10 -> 1 | V10: =$H$10*'IP NW Operations'!K13/'IP NW Operations'!$AA$13 -> 26.470588 | W10: =IF(U10>0.9999,V10,V10*U10/0.9999) -> 26.470588 | X10: ='IP NW Operations'!M10 -> 1 | Y10: =$H$10*'IP NW Operations'!M13/'IP NW Operations'!$AA$13 -> 52.941176 | Z10: =IF(X10>0.9999,Y10,Y10*X10/0.9999) -> 52.941176 | AA10: ='IP NW Operations'!I10 -> 1 | AB10: =$H$10*'IP NW Operations'!I13/'IP NW Operations'!$AA$13 -> 26.470588 | AC10: =IF(AA10>0.9999,AB10,AB10*AA10/0.9999) -> 26.470588 | AD10: ='IP NW Operations'!N10 -> 1 | AE10: =$H$10*'IP NW Operations'!N13/'IP NW Operations'!$AA$13 -> 26.470588 | AF10: =IF(AD10>0.9999,AE10,AE10*AD10/0.9999) -> 26.470588 | AG10: ='IP NW Operations'!O10 -> 1 | AH10: =$H$10*'IP NW Operations'!O13/'IP NW Operations'!$AA$13 -> 0 | AI10: =IF(AG10>0.9999,AH10,AH10*AG10/0.9999) -> 0 | AJ10: ='IP NW Operations'!P10 -> 1 | AK10: =$H$10*'IP NW Operations'!P13/'IP NW Operations'!$AA$13 -> 26.470588 | AL10: =IF(AJ10>0.9999,AK10,AK10*AJ10/0.9999) -> 26.470588 | AM10: ='IP NW Operations'!Q10 -> 1 | AN10: =$H$10*'IP NW Operations'!Q13/'IP NW Operations'!$AA$13 -> 0 | AO10: =IF(AM10>0.9999,AN10,AN10*AM10/0.9999) -> 0 | AP10: ='IP NW Operations'!S10 -> 1 | AQ10: =$H$10*'IP NW Operations'!S13/'IP NW Operations'!$AA$13 -> 0 | AR10: =IF(AP10>0.9999,AQ10,AQ10*AP10/0.9999) -> 0 | AS10: ='IP NW Operations'!T10 -> 1 | AT10: =$H$10*'IP NW Operations'!T13/'IP NW Operations'!$AA$13 -> 26.470588 | AU10: =IF(AS10>0.9999,AT10,AT10*AS10/0.9999) -> 26.470588 | AV10: ='IP NW Operations'!U10 -> 1 | AW10: =$H$10*'IP NW Operations'!U13/'IP NW Operations'!$AA$13 -> 26.470588 | AX10: =IF(AV10>0.9999,AW10,AW10*AV10/0.9999) -> 26.470588 | AY10: ='IP NW Operations'!V10 -> 1 | AZ10: =$H$10*'IP NW Operations'!V13/'IP NW Operations'!$AA$13 -> 0 | BA10: =IF(AY10>0.9999,AZ10,AZ10*AY10/0.9999) -> 0 | BB10: ='IP NW Operations'!W10 -> 1 | BC10: =$H$10*'IP NW Operations'!W13/'IP NW Operations'!$AA$13 -> 26.470588 | BD10: =IF(BB10>0.9999,BC10,BC10*BB10/0.9999) -> 26.470588 | BE10: ='IP NW Operations'!X10 -> 1 | BF10: =$H$10*'IP NW Operations'!X13/'IP NW Operations'!$AA$13 -> 0 | BG10: =IF(BE10>0.9999,BF10,BF10*BE10/0.9999) -> 0 | BH10: ='IP NW Operations'!Y10 -> 1 | BI10: =$H$10*'IP NW Operations'!Y13/'IP NW Operations'!$AA$13 -> 26.470588 | BJ10: =IF(BH10>0.9999,BI10,BI10*BH10/0.9999) -> 26.470588 | BK10: ='IP NW Operations'!Z10 -> 1 | BL10: =$H$10*'IP NW Operations'!Z13/'IP NW Operations'!$AA$13 -> 0 | BM10: =IF(BK10>0.9999,BL10,BL10*BK10/0.9999) -> 0 | BN10: ='IP NW Operations'!R10 -> 1 | BO10: =$H$10*'IP NW Operations'!R13/'IP NW Operations'!$AA$13 -> 26.470588 | BP10: =IF(BN10>0.9999,BO10,BO10*BN10/0.9999) -> 26.470588
A11: 6 | B11: Customer | C11: Service Assurance | D11: Network Availability | E11: Service Edge Node availability | F11: 99.950% | G11: =H11/$H$31 -> 0.02 | H11: 1800 | I11: ='IP NW Operations'!G14 -> 1 | J11: =$H$11*'IP NW Operations'!G17/'IP NW Operations'!$AA$17 -> 81.663516 | K11: =IF(I11>0.9995,J11,J11*I11/0.9995) -> 81.663516 | L11: ='IP NW Operations'!H14 -> 1 | M11: =$H$11*'IP NW Operations'!H17/'IP NW Operations'!$AA$17 -> 309.64083 | N11: =IF(L11>0.9995,M11,M11*L11/0.9995) -> 309.64083 | O11: ='IP NW Operations'!L14 -> 1 | P11: =$H$11*'IP NW Operations'!L17/'IP NW Operations'!$AA$17 -> 146.3138 | Q11: =IF(O11>0.9995,P11,P11*O11/0.9995) -> 146.3138 | R11: ='IP NW Operations'!J14 -> 1 | S11: =$H$11*'IP NW Operations'!J17/'IP NW Operations'!$AA$17 -> 81.663516 | T11: =IF(R11>0.9995,S11,S11*R11/0.9995) -> 81.663516 | U11: ='IP NW Operations'!K14 -> 1 | V11: =$H$11*'IP NW Operations'!K17/'IP NW Operations'!$AA$17 -> 81.663516 | W11: =IF(U11>0.9995,V11,V11*U11/0.9995) -> 81.663516 | X11: ='IP NW Operations'!M14 -> 1 | Y11: =$H$11*'IP NW Operations'!M17/'IP NW Operations'!$AA$17 -> 102.0794 | Z11: =IF(X11>0.9995,Y11,Y11*X11/0.9995) -> 102.0794 | AA11: ='IP NW Operations'!I14 -> 1 | AB11: =$H$11*'IP NW Operations'!I17/'IP NW Operations'!$AA$17 -> 95.274102 | AC11: =IF(AA11>0.9995,AB11,AB11*AA11/0.9995) -> 95.274102 | AD11: ='IP NW Operations'!N14 -> 1 | AE11: =$H$11*'IP NW Operations'!N17/'IP NW Operations'!$AA$17 -> 81.663516 | AF11: =IF(AD11>0.9995,AE11,AE11*AD11/0.9995) -> 81.663516 | AG11: ='IP NW Operations'!O14 -> 1 | AH11: =$H$11*'IP NW Operations'!O17/'IP NW Operations'!$AA$17 -> 34.026465 | AI11: =IF(AG11>0.9995,AH11,AH11*AG11/0.9995) -> 34.026465 | AJ11: ='IP NW Operations'!P14 -> 1 | AK11: =$H$11*'IP NW Operations'!P17/'IP NW Operations'!$AA$17 -> 98.676749 | AL11: =IF(AJ11>0.9995,AK11,AK11*AJ11/0.9995) -> 98.676749 | AM11: ='IP NW Operations'!Q14 -> 0.99987007 | AN11: =$H$11*'IP NW Operations'!Q17/'IP NW Operations'!$AA$17 -> 85.066163 | AO11: =IF(AM11>0.9995,AN11,AN11*AM11/0.9995) -> 85.066163 | AP11: ='IP NW Operations'!S14 -> 1 | AQ11: =$H$11*'IP NW Operations'!S17/'IP NW Operations'!$AA$17 -> 64.650284 | AR11: =IF(AP11>0.9995,AQ11,AQ11*AP11/0.9995) -> 64.650284 | AS11: ='IP NW Operations'!T14 -> 0.99993969 | AT11: =$H$11*'IP NW Operations'!T17/'IP NW Operations'!$AA$17 -> 88.468809 | AU11: =IF(AS11>0.9995,AT11,AT11*AS11/0.9995) -> 88.468809 | AV11: ='IP NW Operations'!U14 -> 1 | AW11: =$H$11*'IP NW Operations'!U17/'IP NW Operations'!$AA$17 -> 108.88469 | AX11: =IF(AV11>0.9995,AW11,AW11*AV11/0.9995) -> 108.88469 | AY11: ='IP NW Operations'!V14 -> 1 | AZ11: =$H$11*'IP NW Operations'!V17/'IP NW Operations'!$AA$17 -> 51.039698 | BA11: =IF(AY11>0.9995,AZ11,AZ11*AY11/0.9995) -> 51.039698 | BB11: ='IP NW Operations'!W14 -> 1 | BC11: =$H$11*'IP NW Operations'!W17/'IP NW Operations'!$AA$17 -> 71.455577 | BD11: =IF(BB11>0.9995,BC11,BC11*BB11/0.9995) -> 71.455577 | BE11: ='IP NW Operations'!X14 -> 0.99679766 | BF11: =$H$11*'IP NW Operations'!X17/'IP NW Operations'!$AA$17 -> 71.455577 | BG11: =IF(BE11>0.9995,BF11,BF11*BE11/0.9995) -> 71.262383 | BH11: ='IP NW Operations'!Y14 -> 1 | BI11: =$H$11*'IP NW Operations'!Y17/'IP NW Operations'!$AA$17 -> 34.026465 | BJ11: =IF(BH11>0.9995,BI11,BI11*BH11/0.9995) -> 34.026465 | BK11: ='IP NW Operations'!Z14 -> 1 | BL11: =$H$11*'IP NW Operations'!Z17/'IP NW Operations'!$AA$17 -> 51.039698 | BM11: =IF(BK11>0.9995,BL11,BL11*BK11/0.9995) -> 51.039698 | BN11: ='IP NW Operations'!R14 -> 0.9994325 | BO11: =$H$11*'IP NW Operations'!R17/'IP NW Operations'!$AA$17 -> 91.871456 | BP11: =IF(BN11>0.9995,BO11,BO11*BN11/0.9995) -> 91.865251
A12: 7 | B12: Customer | C12: Service Assurance | D12: Network Availability | E12: International Backhaul Node Availability | F12: 0.99999 | G12: =H12/$H$31 -> 0.015 | H12: 1350 | I12: ='OTN Operations'!G27 -> 1 | J12: =$H$12*'OTN Operations'!G30/'OTN Operations'!$AA$30 -> 0 | K12: =IF(I12>0.99999,J12,J12*I12/0.99999) -> 0 | L12: ='OTN Operations'!H27 -> 1 | M12: =$H$12*'OTN Operations'!H30/'OTN Operations'!$AA$30 -> 450 | N12: =IF(L12>0.99999,M12,M12*L12/0.99999) -> 450 | O12: ='OTN Operations'!L27 -> 1 | P12: =$H$12*'OTN Operations'!L30/'OTN Operations'!$AA$30 -> 0 | Q12: =IF(O12>0.99999,P12,P12*O12/0.99999) -> 0 | R12: ='OTN Operations'!J27 -> 1 | S12: =$H$12*'OTN Operations'!J30/'OTN Operations'!$AA$30 -> 225 | T12: =IF(R12>0.99999,S12,S12*R12/0.99999) -> 225 | U12: ='OTN Operations'!K27 -> 1 | V12: =$H$12*'OTN Operations'!K30/'OTN Operations'!$AA$30 -> 56.25 | W12: =IF(U12>0.99999,V12,V12*U12/0.99999) -> 56.25 | X12: ='OTN Operations'!M27 -> 1 | Y12: =$H$12*'OTN Operations'!M30/'OTN Operations'!$AA$30 -> 0 | Z12: =IF(X12>0.99999,Y12,Y12*X12/0.99999) -> 0 | AA12: ='OTN Operations'!I27 -> 1 | AB12: =$H$12*'OTN Operations'!I30/'OTN Operations'!$AA$30 -> 0 | AC12: =IF(AA12>0.99999,AB12,AB12*AA12/0.99999) -> 0 | AD12: ='OTN Operations'!N27 -> 1 | AE12: =$H$12*'OTN Operations'!N30/'OTN Operations'!$AA$30 -> 0 | AF12: =IF(AD12>0.99999,AE12,AE12*AD12/0.99999) -> 0 | AG12: ='OTN Operations'!O27 -> 1 | AH12: =$H$12*'OTN Operations'!O30/'OTN Operations'!$AA$30 -> 0 | AI12: =IF(AG12>0.99999,AH12,AH12*AG12/0.99999) -> 0 | AJ12: ='OTN Operations'!P27 -> 1 | AK12: =$H$12*'OTN Operations'!P30/'OTN Operations'!$AA$30 -> 0 | AL12: =IF(AJ12>0.99999,AK12,AK12*AJ12/0.99999) -> 0 | AM12: ='OTN Operations'!Q27 -> 1 | AN12: =$H$12*'OTN Operations'!Q30/'OTN Operations'!$AA$30 -> 0 | AO12: =IF(AM12>0.99999,AN12,AN12*AM12/0.99999) -> 0 | AP12: ='OTN Operations'!S27 -> 1 | AQ12: =$H$12*'OTN Operations'!S30/'OTN Operations'!$AA$30 -> 0 | AR12: =IF(AP12>0.99999,AQ12,AQ12*AP12/0.99999) -> 0 | AS12: ='OTN Operations'!T27 -> 1 | AT12: =$H$12*'OTN Operations'!T30/'OTN Operations'!$AA$30 -> 56.25 | AU12: =IF(AS12>0.99999,AT12,AT12*AS12/0.99999) -> 56.25 | AV12: ='OTN Operations'!U27 -> 1 | AW12: =$H$12*'OTN Operations'!U30/'OTN Operations'!$AA$30 -> 365.625 | AX12: =IF(AV12>0.99999,AW12,AW12*AV12/0.99999) -> 365.625 | AY12: ='OTN Operations'!V27 -> 1 | AZ12: =$H$12*'OTN Operations'!V30/'OTN Operations'!$AA$30 -> 112.5 | BA12: =IF(AY12>0.99999,AZ12,AZ12*AY12/0.99999) -> 112.5 | BB12: ='OTN Operations'!W27 -> 1 | BC12: =$H$12*'OTN Operations'!W30/'OTN Operations'!$AA$30 -> 84.375 | BD12: =IF(BB12>0.99999,BC12,BC12*BB12/0.99999) -> 84.375 | BE12: ='OTN Operations'!X27 -> 1 | BF12: =$H$12*'OTN Operations'!X30/'OTN Operations'!$AA$30 -> 0 | BG12: =IF(BE12>0.99999,BF12,BF12*BE12/0.99999) -> 0 | BH12: ='OTN Operations'!Y27 -> 1 | BI12: =$H$12*'OTN Operations'!Y30/'OTN Operations'!$AA$30 -> 0 | BJ12: =IF(BH12>0.99999,BI12,BI12*BH12/0.99999) -> 0 | BK12: ='OTN Operations'!Z27 -> 1 | BL12: =$H$12*'OTN Operations'!Z16/'OTN Operations'!$AA$30 -> 22.5 | BM12: =IF(BK12>0.99999,BL12,BL12*BK12/0.99999) -> 22.5 | BN12: ='OTN Operations'!R27 -> 1 | BO12: =$H$12*'OTN Operations'!R30/'OTN Operations'!$AA$30 -> 0 | BP12: =IF(BN12>0.99999,BO12,BO12*BN12/0.99999) -> 0
A13: 8 | B13: Customer | C13: Service Assurance | D13: Network Availability | E13: MSAN/OLT Node Availability | F13: 0.9994 | G13: =H13/$H$31 -> 0.015 | H13: 1350 | I13: ='[1]Wireline Access NW Op'!G5 -> 0.9995 | J13: =$H$13*'[1]Wireline Access NW Op'!G11/'[1]Wireline Access NW Op'!$AA$11 -> 67.5 | K13: =IF(I13>0.9994,J13,J13*I13/0.9994) -> 67.5 | L13: ='[1]Wireline Access NW Op'!J5 -> 0.9996 | M13: =$H$13*'[1]Wireline Access NW Op'!J11/'[1]Wireline Access NW Op'!$AA$11 -> 67.5 | N13: =IF(L13>0.9994,M13,M13*L13/0.9994) -> 67.5 | O13: ='[1]Wireline Access NW Op'!M5 -> 0.9995 | P13: =$H$13*'[1]Wireline Access NW Op'!M11/'[1]Wireline Access NW Op'!$AA$11 -> 67.5 | Q13: =IF(O13>0.9994,P13,P13*O13/0.9994) -> 67.5 | R13: ='[1]Wireline Access NW Op'!P5 -> 0.9996 | S13: =$H$13*'[1]Wireline Access NW Op'!P11/'[1]Wireline Access NW Op'!$AA$11 -> 67.5 | T13: =IF(R13>0.9994,S13,S13*R13/0.9994) -> 67.5 | U13: ='[1]Wireline Access NW Op'!S5 -> 0.9996 | V13: =$H$13*'[1]Wireline Access NW Op'!S11/'[1]Wireline Access NW Op'!$AA$11 -> 67.5 | W13: =IF(U13>0.9994,V13,V13*U13/0.9994) -> 67.5 | X13: ='[1]Wireline Access NW Op'!V5 -> 0.9995 | Y13: =$H$13*'[1]Wireline Access NW Op'!V11/'[1]Wireline Access NW Op'!$AA$11 -> 67.5 | Z13: =IF(X13>0.9994,Y13,Y13*X13/0.9994) -> 67.5 | AA13: ='[1]Wireline Access NW Op'!Y5 -> 0.9997 | AB13: =$H$13*'[1]Wireline Access NW Op'!Y11/'[1]Wireline Access NW Op'!$AA$11 -> 67.5 | AC13: =IF(AA13>0.9994,AB13,AB13*AA13/0.9994) -> 67.5 | AD13: ='[1]Wireline Access NW Op'!N5 -> 0.9996 | AE13: =$H$13*'[1]Wireline Access NW Op'!N11/'[1]Wireline Access NW Op'!$AA$11 -> 67.5 | AF13: =IF(AD13>0.9994,AE13,AE13*AD13/0.9994) -> 67.5 | AG13: ='[1]Wireline Access NW Op'!O5 -> 0.9997 | AH13: =$H$13*'[1]Wireline Access NW Op'!O11/'[1]Wireline Access NW Op'!$AA$11 -> 67.5 | AI13: =IF(AG13>0.9994,AH13,AH13*AG13/0.9994) -> 67.5 | AJ13: ='[1]Wireline Access NW Op'!P5 -> 0.9996 | AK13: =$H$13*'[1]Wireline Access NW Op'!P11/'[1]Wireline Access NW Op'!$AA$11 -> 67.5 | AL13: =IF(AJ13>0.9994,AK13,AK13*AJ13/0.9994) -> 67.5 | AM13: ='[1]Wireline Access NW Op'!Q5 -> 0.9996 | AN13: =$H$13*'[1]Wireline Access NW Op'!Q11/'[1]Wireline Access NW Op'!$AA$11 -> 67.5 | AO13: =IF(AM13>0.9994,AN13,AN13*AM13/0.9994) -> 67.5 | AP13: ='[1]Wireline Access NW Op'!S5 -> 0.9996 | AQ13: =$H$13*'[1]Wireline Access NW Op'!S11/'[1]Wireline Access NW Op'!$AA$11 -> 67.5 | AR13: =IF(AP13>0.9994,AQ13,AQ13*AP13/0.9994) -> 67.5 | AS13: ='[1]Wireline Access NW Op'!T5 -> 0.9997 | AT13: =$H$13*'[1]Wireline Access NW Op'!T11/'[1]Wireline Access NW Op'!$AA$11 -> 67.5 | AU13: =IF(AS13>0.9994,AT13,AT13*AS13/0.9994) -> 67.5 | AV13: ='[1]Wireline Access NW Op'!U5 -> 0.9996 | AW13: =$H$13*'[1]Wireline Access NW Op'!U11/'[1]Wireline Access NW Op'!$AA$11 -> 67.5 | AX13: =IF(AV13>0.9994,AW13,AW13*AV13/0.9994) -> 67.5 | AY13: ='[1]Wireline Access NW Op'!V5 -> 0.9995 | AZ13: =$H$13*'[1]Wireline Access NW Op'!V11/'[1]Wireline Access NW Op'!$AA$11 -> 67.5 | BA13: =IF(AY13>0.9994,AZ13,AZ13*AY13/0.9994) -> 67.5 | BB13: ='[1]Wireline Access NW Op'!W5 -> 0.9996 | BC13: =$H$13*'[1]Wireline Access NW Op'!W11/'[1]Wireline Access NW Op'!$AA$11 -> 67.5 | BD13: =IF(BB13>0.9994,BC13,BC13*BB13/0.9994) -> 67.5 | BE13: ='[1]Wireline Access NW Op'!X5 -> 0.9996 | BF13: =$H$13*'[1]Wireline Access NW Op'!X11/'[1]Wireline Access NW Op'!$AA$11 -> 67.5 | BG13: =IF(BE13>0.9994,BF13,BF13*BE13/0.9994) -> 67.5 | BH13: ='[1]Wireline Access NW Op'!Y5 -> 0.9997 | BI13: =$H$13*'[1]Wireline Access NW Op'!Y11/'[1]Wireline Access NW Op'!$AA$11 -> 67.5 | BJ13: =IF(BH13>0.9994,BI13,BI13*BH13/0.9994) -> 67.5 | BK13: ='[1]Wireline Access NW Op'!Z5 -> 0.9996 | BL13: =$H$13*'[1]Wireline Access NW Op'!Z11/'[1]Wireline Access NW Op'!$AA$11 -> 67.5 | BM13: =IF(BK13>0.9994,BL13,BL13*BK13/0.9994) -> 67.5 | BN13: ='[1]Wireline Access NW Op'!R5 -> 0.9995 | BO13: =$H$13*'[1]Wireline Access NW Op'!R11/'[1]Wireline Access NW Op'!$AA$11 -> 67.5 | BP13: =IF(BN13>0.9994,BO13,BO13*BN13/0.9994) -> 67.5
A14: 9 | B14: Customer | C14: Service Assurance | D14: Network Availability | E14: Telemetry Network Availability | F14: 0.9999 | G14: =H14/$H$31 -> 0.005 | H14: 450
A15: 10 | B15: Customer | C15: Service Assurance | D15: Routine Maintenance | E15: Routine maintenance - IPNW | F15: 1 | G15: =H15/$H$31 -> 0.036666667 | H15: 3300 | I15: 1 | J15: =$H$15*'Routine Maintenance'!J12/'Routine Maintenance'!$AX$12 -> 129.13043 | K15: =J15*I15 -> 129.13043 | L15: 1 | M15: =$H$15*'Routine Maintenance'!L12/'Routine Maintenance'!$AX$12 -> 552.3913 | N15: =M15*L15 -> 552.3913 | O15: 1 | P15: =$H$15*'Routine Maintenance'!T12/'Routine Maintenance'!$AX$12 -> 200.86957 | Q15: =P15*O15 -> 200.86957 | R15: 1 | S15: =$H$15*'Routine Maintenance'!P12/'Routine Maintenance'!$AX$12 -> 179.34783 | T15: =S15*R15 -> 179.34783 | U15: 1 | V15: =$H$15*'Routine Maintenance'!R12/'Routine Maintenance'!$AX$12 -> 100.43478 | W15: =V15*U15 -> 100.43478 | X15: 1 | Y15: =$H$15*'Routine Maintenance'!V12/'Routine Maintenance'!$AX$12 -> 215.21739 | Z15: =Y15*X15 -> 215.21739 | AA15: 1 | AB15: =$H$15*'Routine Maintenance'!N12/'Routine Maintenance'!$AX$12 -> 193.69565 | AC15: =AB15*AA15 -> 193.69565 | AD15: 1 | AE15: =$H$15*'Routine Maintenance'!X12/'Routine Maintenance'!$AX$12 -> 136.30435 | AF15: =AE15*AD15 -> 136.30435 | AG15: 1 | AH15: =$H$15*'Routine Maintenance'!Z12/'Routine Maintenance'!$AX$12 -> 64.565217 | AI15: =AH15*AG15 -> 64.565217 | AJ15: 1 | AK15: =$H$15*'Routine Maintenance'!AB12/'Routine Maintenance'!$AX$12 -> 186.52174 | AL15: =AK15*AJ15 -> 186.52174 | AM15: 1 | AN15: =$H$15*'Routine Maintenance'!AD12/'Routine Maintenance'!$AX$12 -> 165 | AO15: =AN15*AM15 -> 165 | AP15: 1 | AQ15: =$H$15*'Routine Maintenance'!AH12/'Routine Maintenance'!$AX$12 -> 114.78261 | AR15: =AQ15*AP15 -> 114.78261 | AS15: 1 | AT15: =$H$15*'Routine Maintenance'!AJ12/'Routine Maintenance'!$AX$12 -> 172.17391 | AU15: =AT15*AS15 -> 172.17391 | AV15: 1 | AW15: =$H$15*'Routine Maintenance'!AL12/'Routine Maintenance'!$AX$12 -> 243.91304 | AX15: =AW15*AV15 -> 243.91304 | AY15: 1 | AZ15: =$H$15*'Routine Maintenance'!AN12/'Routine Maintenance'!$AX$12 -> 93.26087 | BA15: =AZ15*AY15 -> 93.26087 | BB15: 1 | BC15: =$H$15*'Routine Maintenance'!AP12/'Routine Maintenance'!$AX$12 -> 129.13043 | BD15: =BC15*BB15 -> 129.13043 | BE15: 1 | BF15: =$H$15*'Routine Maintenance'!AR12/'Routine Maintenance'!$AX$12 -> 114.78261 | BG15: =BF15*BE15 -> 114.78261 | BH15: 1 | BI15: =$H$15*'Routine Maintenance'!AT12/'Routine Maintenance'!$AX$12 -> 50.217391 | BJ15: =BI15*BH15 -> 50.217391 | BK15: 1 | BL15: =$H$15*'Routine Maintenance'!AV12/'Routine Maintenance'!$AX$12 -> 100.43478 | BM15: =BL15*BK15 -> 100.43478 | BN15: 1 | BO15: =$H$15*'Routine Maintenance'!AF12/'Routine Maintenance'!$AX$12 -> 157.82609 | BP15: =BO15*BN15 -> 157.82609
A16: 11 | B16: Customer | C16: Service Assurance | D16: Routine Maintenance | E16: Routine maintenance - SLBN | F16: 1 | G16: =H16/$H$31 -> 0.036666667 | H16: 3300 | I16: 1 | J16: =$H$16*'Routine Maintenance'!J26/'Routine Maintenance'!$AX$26 -> 82.5 | K16: =J16*I16 -> 82.5 | L16: 1 | M16: =$H$16*'Routine Maintenance'!L26/'Routine Maintenance'!$AX$26 -> 165 | N16: =M16*L16 -> 165 | O16: 1 | P16: =$H$16*'Routine Maintenance'!T26/'Routine Maintenance'!$AX$26 -> 165 | Q16: =P16*O16 -> 165 | R16: 1 | S16: =$H$16*'Routine Maintenance'!P26/'Routine Maintenance'!$AX$26 -> 206.25 | T16: =S16*R16 -> 206.25 | U16: 1 | V16: =$H$16*'Routine Maintenance'!R26/'Routine Maintenance'!$AX$26 -> 123.75 | W16: =V16*U16 -> 123.75 | X16: 1 | Y16: =$H$16*'Routine Maintenance'!V26/'Routine Maintenance'!$AX$26 -> 288.75 | Z16: =Y16*X16 -> 288.75 | AA16: 1 | AB16: =$H$16*'Routine Maintenance'!N26/'Routine Maintenance'!$AX$26 -> 206.25 | AC16: =AB16*AA16 -> 206.25 | AD16: 1 | AE16: =$H$16*'Routine Maintenance'!X26/'Routine Maintenance'!$AX$26 -> 123.75 | AF16: =AE16*AD16 -> 123.75 | AG16: 1 | AH16: =$H$16*'Routine Maintenance'!Z26/'Routine Maintenance'!$AX$26 -> 41.25 | AI16: =AH16*AG16 -> 41.25 | AJ16: 1 | AK16: =$H$16*'Routine Maintenance'!AB26/'Routine Maintenance'!$AX$26 -> 165 | AL16: =AK16*AJ16 -> 165 | AM16: 1 | AN16: =$H$16*'Routine Maintenance'!AD26/'Routine Maintenance'!$AX$26 -> 123.75 | AO16: =AN16*AM16 -> 123.75 | AP16: 1 | AQ16: =$H$16*'Routine Maintenance'!AH26/'Routine Maintenance'!$AX$26 -> 123.75 | AR16: =AQ16*AP16 -> 123.75 | AS16: 1 | AT16: =$H$16*'Routine Maintenance'!AJ26/'Routine Maintenance'!$AX$26 -> 247.5 | AU16: =AT16*AS16 -> 247.5 | AV16: 1 | AW16: =$H$16*'Routine Maintenance'!AL26/'Routine Maintenance'!$AX$26 -> 206.25 | AX16: =AW16*AV16 -> 206.25 | AY16: 1 | AZ16: =$H$16*'Routine Maintenance'!AN26/'Routine Maintenance'!$AX$26 -> 82.5 | BA16: =AZ16*AY16 -> 82.5 | BB16: 1 | BC16: =$H$16*'Routine Maintenance'!AP26/'Routine Maintenance'!$AX$26 -> 123.75 | BD16: =BC16*BB16 -> 123.75 | BE16: 1 | BF16: =$H$16*'Routine Maintenance'!AR26/'Routine Maintenance'!$AX$26 -> 165 | BG16: =BF16*BE16 -> 165 | BH16: 1 | BI16: =$H$16*'Routine Maintenance'!AT26/'Routine Maintenance'!$AX$26 -> 41.25 | BJ16: =BI16*BH16 -> 41.25 | BK16: 1 | BL16: =$H$16*'Routine Maintenance'!AV26/'Routine Maintenance'!$AX$26 -> 330 | BM16: =BL16*BK16 -> 330 | BN16: 1 | BO16: =$H$16*'Routine Maintenance'!AF26/'Routine Maintenance'!$AX$26 -> 288.75 | BP16: =BO16*BN16 -> 288.75
A17: 12 | B17: Customer | C17: Service Assurance | D17: Routine Maintenance | E17: Routine maintenance - MSAN/OLT | F17: 1 | G17: =H17/$H$31 -> 0.026666667 | H17: 2400 | I17: 1 | J17: =$H$17*'Routine Maintenance'!J40/'Routine Maintenance'!$AX$40 -> 55.387616 | K17: =J17*I17 -> 55.387616 | L17: 1 | M17: =$H$17*'Routine Maintenance'!L40/'Routine Maintenance'!$AX$40 -> 85.811799 | N17: =M17*L17 -> 85.811799 | O17: 1 | P17: =$H$17*'Routine Maintenance'!T40/'Routine Maintenance'!$AX$40 -> 110.38518 | Q17: =P17*O17 -> 110.38518 | R17: 1 | S17: =$H$17*'Routine Maintenance'!P40/'Routine Maintenance'!$AX$40 -> 149.39054 | T17: =S17*R17 -> 149.39054 | U17: 1 | V17: =$H$17*'Routine Maintenance'!R40/'Routine Maintenance'!$AX$40 -> 95.56314 | W17: =V17*U17 -> 95.56314 | X17: 1 | Y17: =$H$17*'Routine Maintenance'!V40/'Routine Maintenance'!$AX$40 -> 170.84349 | Z17: =Y17*X17 -> 170.84349 | AA17: 1 | AB17: =$H$17*'Routine Maintenance'!N40/'Routine Maintenance'!$AX$40 -> 182.15505 | AC17: =AB17*AA17 -> 182.15505 | AD17: 1 | AE17: =$H$17*'Routine Maintenance'!X40/'Routine Maintenance'!$AX$40 -> 106.09459 | AF17: =AE17*AD17 -> 106.09459 | AG17: 1 | AH17: =$H$17*'Routine Maintenance'!Z40/'Routine Maintenance'!$AX$40 -> 70.599707 | AI17: =AH17*AG17 -> 70.599707 | AJ17: 1 | AK17: =$H$17*'Routine Maintenance'!AB40/'Routine Maintenance'!$AX$40 -> 230.5217 | AL17: =AK17*AJ17 -> 230.5217 | AM17: 1 | AN17: =$H$17*'Routine Maintenance'!AD40/'Routine Maintenance'!$AX40 -> 134.95856 | AO17: =AN17*AM17 -> 134.95856 | AP17: 1 | AQ17: =$H$17*'Routine Maintenance'!AH40/'Routine Maintenance'!$AX$40 -> 88.542175 | AR17: =AQ17*AP17 -> 88.542175 | AS17: 1 | AT17: =$H$17*'Routine Maintenance'!AJ40/'Routine Maintenance'!$AX$40 -> 155.24135 | AU17: =AT17*AS17 -> 155.24135 | AV17: 1 | AW17: =$H$17*'Routine Maintenance'!AL40/'Routine Maintenance'!$AX$40 -> 131.05802 | AX17: =AW17*AV17 -> 131.05802 | AY17: 1 | AZ17: =$H$17*'Routine Maintenance'!AN40/'Routine Maintenance'!$AX$40 -> 72.159922 | BA17: =AZ17*AY17 -> 72.159922 | BB17: 1 | BC17: =$H$17*'Routine Maintenance'!AP40/'Routine Maintenance'!$AX$40 -> 172.01365 | BD17: =BC17*BB17 -> 172.01365 | BE17: 1 | BF17: =$H$17*'Routine Maintenance'!AR40/'Routine Maintenance'!$AX$40 -> 108.82496 | BG17: =BF17*BE17 -> 108.82496 | BH17: 1 | BI17: =$H$17*'Routine Maintenance'!AT40/'Routine Maintenance'!$AX$40 -> 83.861531 | BJ17: =BI17*BH17 -> 83.861531 | BK17: 1 | BL17: =$H$17*'Routine Maintenance'!AV40/'Routine Maintenance'!$AX$40 -> 102.97416 | BM17: =BL17*BK17 -> 102.97416 | BN17: 1 | BO17: =$H$17*'Routine Maintenance'!AF40/'Routine Maintenance'!$AX$40 -> 93.612872 | BP17: =BO17*BN17 -> 93.612872
A18: 13 | B18: Customer | C18: Service Assurance | D18: Tower | E18: Operation & Maintenance of SLT towers and tower premises | F18: Above 95% | G18: =H18/$H$31 -> 0.011111111 | H18: 1000 | I18: =SUM('Tower Maintenance'!G7:G9) -> 0.83333333 | J18: =H18*'Tower Maintenance'!D31/'Tower Maintenance'!D39 -> 25.454545 | K18: =IF(I18>0.95,J18,J18*I18/0.95) -> 22.328549 | L18: =SUM('Tower Maintenance'!H7:H9) -> 0.6 | M18: =H18*'Tower Maintenance'!D32/'Tower Maintenance'!D39 -> 14.545455 | N18: =IF(L18>0.95,M18,M18*L18/0.95) -> 9.1866029 | O18: =SUM('Tower Maintenance'!L7:L9) -> 0.75 | P18: =H18*'Tower Maintenance'!D33/'Tower Maintenance'!D39 -> 14.545455 | Q18: =IF(O18>0.95,P18,P18*O18/0.95) -> 11.483254 | R18: =SUM('Tower Maintenance'!J7:J9) -> 1 | S18: =H18*'Tower Maintenance'!D38/'Tower Maintenance'!D39 -> 10.909091 | T18: =IF(R18>0.95,S18,S18*R18/0.95) -> 10.909091 | U18: =SUM('Tower Maintenance'!K7:K9) -> 0 | V18: =H18*'Tower Maintenance'!D37/'Tower Maintenance'!D39 -> 18.181818 | W18: =IF(U18>0.95,V18,V18*U18/0.95) -> 0 | X18: =SUM('Tower Maintenance'!M7:M9) -> 1 | Y18: =H18*'Tower Maintenance'!D34/'Tower Maintenance'!D39 -> 36.363636 | Z18: =IF(X18>0.95,Y18,Y18*X18/0.95) -> 36.363636 | AA18: =SUM('Tower Maintenance'!N7:N9) -> 0.81818182 | AB18: =H18*'Tower Maintenance'!D35/'Tower Maintenance'!D39 -> 40 | AC18: =IF(AA18>0.95,AB18,AB18*AA18/0.95) -> 34.449761 | AD18: =SUM('Tower Maintenance'!N7:N9) -> 0.81818182 | AE18: =H18*'Tower Maintenance'!D25/'Tower Maintenance'!D39 -> 40 | AF18: =IF(AD18>0.95,AE18,AE18*AD18/0.95) -> 34.449761 | AG18: =SUM('Tower Maintenance'!O7:O9) -> 1 | AH18: =H18*'Tower Maintenance'!D26/'Tower Maintenance'!D39 -> 32.727273 | AI18: =IF(AG18>0.95,AH18,AH18*AG18/0.95) -> 32.727273 | AJ18: =SUM('Tower Maintenance'!P7:P9) -> 0.92 | AK18: =H18*'Tower Maintenance'!D20/'Tower Maintenance'!D39 -> 83.636364 | AL18: =IF(AJ18>0.95,AK18,AK18*AJ18/0.95) -> 80.995215 | AM18: =SUM('Tower Maintenance'!Q7:Q9) -> 0.83333333 | AN18: =H18*'Tower Maintenance'!D21/'Tower Maintenance'!D39 -> 101.81818 | AO18: =IF(AM18>0.95,AN18,AN18*AM18/0.95) -> 89.314195 | AP18: =SUM('Tower Maintenance'!S7:S9) -> 1 | AQ18: =H18*'Tower Maintenance'!D30/'Tower Maintenance'!D39 -> 69.090909 | AR18: =IF(AP18>0.95,AQ18,AQ18*AP18/0.95) -> 69.090909 | AS18: =SUM('Tower Maintenance'!T7:T9) -> 1 | AT18: =H18*'Tower Maintenance'!D27/'Tower Maintenance'!D39 -> 40 | AU18: =IF(AS18>0.95,AT18,AT18*AS18/0.95) -> 40 | AV18: =SUM('Tower Maintenance'!U7:U9) -> 0.75 | AW18: =H18*'Tower Maintenance'!D28/'Tower Maintenance'!D39 -> 105.45455 | AX18: =IF(AV18>0.95,AW18,AW18*AV18/0.95) -> 83.253589 | AY18: =SUM('Tower Maintenance'!V7:V9) -> 1 | AZ18: =H18*'Tower Maintenance'!D29/'Tower Maintenance'!D39 -> 58.181818 | BA18: =IF(AY18>0.95,AZ18,AZ18*AY18/0.95) -> 58.181818 | BB18: =SUM('Tower Maintenance'!W7:W9) -> 1 | BC18: =H18*'Tower Maintenance'!D36/'Tower Maintenance'!D39 -> 18.181818 | BD18: =IF(BB18>0.95,BC18,BC18*BB18/0.95) -> 18.181818 | BE18: =SUM('Tower Maintenance'!X7:X9) -> 1 | BF18: =H18*'Tower Maintenance'!D19/'Tower Maintenance'!D39 -> 54.545455 | BG18: =IF(BE18>0.95,BF18,BF18*BE18/0.95) -> 54.545455 | BH18: =SUM('Tower Maintenance'!Y7:Y9) -> 1 | BI18: =H18*'Tower Maintenance'!D24/'Tower Maintenance'!D39 -> 36.363636 | BJ18: =IF(BH18>0.95,BI18,BI18*BH18/0.95) -> 36.363636 | BK18: =SUM('Tower Maintenance'!Z7:Z9) -> 1 | BL18: =H18*'Tower Maintenance'!D23/'Tower Maintenance'!D39 -> 101.81818 | BM18: =IF(BK18>0.95,BL18,BL18*BK18/0.95) -> 101.81818 | BN18: =SUM('Tower Maintenance'!R7:R9) -> 1 | BO18: =H18*'Tower Maintenance'!D22/'Tower Maintenance'!D39 -> 98.181818 | BP18: =IF(BN18>0.95,BO18,BO18*BN18/0.95) -> 98.181818
A19: 14 | B19: Customer | C19: Service Assurance | D19: Power & AC | E19: O&M of Power & Aircondition | F19: 0.9 | G19: =H19/$H$31 -> 0.055555556 | H19: 5000
A20: 15 | B20: Enterprise | C20: Service Assurance | D20: Other Operator | E20: Fault Rate (E/NW wise SLA) | F20: Variable Targets | G20: =H20/$H$31 -> 0.06 | H20: 5400
A21: 16 | B21: Enterprise | C21: Service Assurance | D21: Other Operator | E21: Repeated Fault Index (E/NW wise SLA) | F21: Variable Targets | G21: =H21/$H$31 -> 0.04 | H21: 3600
A22: 17 | B22: Enterprise | C22: Service Assurance | D22: Other Operator | E22: Fault Clearance Rate < 4 hrs | F22: 0.5 | G22: =H22/$H$31 -> 0.05 | H22: 4500
A23: 18 | B23: Enterprise | C23: Service Assurance | D23: Other Operator | E23: Fault Clearance Rate < 8 hrs | F23: 0.9 | G23: =H23/$H$31 -> 0.05 | H23: 4500
A24: 19 | B24: Enterprise | C24: Service Assurance | D24: Enteprise | E24: Fault Rate (E/NW wise SLA) | F24: Variable Targets | G24: =H24/$H$31 -> 0.03 | H24: 2700
A25: 20 | B25: Enterprise | C25: Service Assurance | D25: Enteprise | E25: Repeated Fault Index (E/NW wise SLA) | F25: Variable Targets | G25: =H25/$H$31 -> 0.02 | H25: 1800
A26: 21 | B26: Enterprise | C26: Service Assurance | D26: Enteprise | E26: Fault Clearance Rate < 4 hrs | F26: 0.9 | G26: =H26/$H$31 -> 0.05 | H26: 4500
A27: 22 | B27: Customer | C27: Service Fulfillment | D27: Serice Fulfillment | E27: Enterprise/SME and Whole Sales Service Delivery | G27: =H27/$H$31 -> 0.3 | H27: 27000 | I27: ='Service Fulfillment'!K18 -> 0.85238095 | J27: =$H$27/20 -> 1350 | K27: =J27*I27 -> 1150.7143 | L27: ='Service Fulfillment'!L18 -> 0.73478478 | M27: =$H$27/20 -> 1350 | N27: =M27*L27 -> 991.95946 | O27: ='Service Fulfillment'!P18 -> 0.94 | P27: =$H$27/20 -> 1350 | Q27: =P27*O27 -> 1269 | R27: ='Service Fulfillment'!N18 -> 0.97142857 | S27: =$H$27/20 -> 1350 | T27: =S27*R27 -> 1311.4286 | U27: ='Service Fulfillment'!O18 -> 0.9 | V27: =$H$27/20 -> 1350 | W27: =V27*U27 -> 1215 | X27: ='Service Fulfillment'!Q18 -> 0.86333333 | Y27: =$H$27/20 -> 1350 | Z27: =Y27*X27 -> 1165.5 | AA27: ='Service Fulfillment'!M18 -> 0.83333333 | AB27: =$H$27/20 -> 1350 | AC27: =AB27*AA27 -> 1125 | AD27: ='Service Fulfillment'!R18 -> 0.85 | AE27: =$H$27/20 -> 1350 | AF27: =AE27*AD27 -> 1147.5 | AG27: ='Service Fulfillment'!S18 -> 1 | AH27: =$H$27/20 -> 1350 | AI27: =AH27*AG27 -> 1350 | AJ27: ='Service Fulfillment'!T18 -> 1 | AK27: =$H$27/20 -> 1350 | AL27: =AK27*AJ27 -> 1350 | AM27: ='Service Fulfillment'!U18 -> 0.8 | AN27: =$H$27/20 -> 1350 | AO27: =AN27*AM27 -> 1080 | AP27: ='Service Fulfillment'!W18 -> 0.88333333 | AQ27: =$H$27/20 -> 1350 | AR27: =AQ27*AP27 -> 1192.5 | AS27: ='Service Fulfillment'!X18 -> 0.95 | AT27: =$H$27/20 -> 1350 | AU27: =AT27*AS27 -> 1282.5 | AV27: ='Service Fulfillment'!Y18 -> 0.92142857 | AW27: =$H$27/20 -> 1350 | AX27: =AW27*AV27 -> 1243.9286 | AY27: ='Service Fulfillment'!Z18 -> 0.98333333 | AZ27: =$H$27/20 -> 1350 | BA27: =AZ27*AY27 -> 1327.5 | BB27: ='Service Fulfillment'!AA18 -> 0.91666667 | BC27: =$H$27/20 -> 1350 | BD27: =BC27*BB27 -> 1237.5 | BE27: ='Service Fulfillment'!AB18 -> 1 | BF27: =$H$27/20 -> 1350 | BG27: =BF27*BE27 -> 1350 | BH27: ='Service Fulfillment'!AC18 -> 1 | BI27: =$H$27/20 -> 1350 | BJ27: =BI27*BH27 -> 1350 | BK27: ='Service Fulfillment'!AD18 -> 1 | BL27: =$H$27/20 -> 1350 | BM27: =BL27*BK27 -> 1350 | BN27: ='Service Fulfillment'!V18 -> 1 | BO27: =$H$27/20 -> 1350 | BP27: =BO27*BN27 -> 1350
G28: Total Marks | J28: =SUM(J6:J18) -> 1796.8335 | K28: =SUM(K6:K18) -> 1793.7075 | M28: =SUM(M6:M18) -> 2318.862 | N28: =SUM(N6:N18) -> 2313.5031 | P28: =SUM(P6:P18) -> 1429.7147 | Q28: =SUM(Q6:Q18) -> 1426.6525 | S28: =SUM(S6:S18) -> 1669.8192 | T28: =SUM(T6:T18) -> 1505.1134 | V28: =SUM(V6:V18) -> 1243.7864 | W28: =SUM(W6:W18) -> 625.60463 | Y28: =SUM(Y6:Y18) -> 1681.6403 | Z28: =SUM(Z6:Z18) -> 1634.5815 | AB28: =SUM(AB6:AB18) -> 1422.4565 | AC28: =SUM(AC6:AC18) -> 1084.1332 | AE28: =SUM(AE6:AE18) -> 1531.0981 | AF28: =SUM(AF6:AF18) -> 1525.5479 | AH28: =SUM(AH6:AH18) -> 935.3262 | AI28: =SUM(AI6:AI18) -> 911.79679 | AK28: =SUM(AK6:AK18) -> 1832.2997 | AL28: =SUM(AL6:AL18) -> 1829.6586 | AN28: =SUM(AN6:AN18) -> 1333.5655 | AO28: =SUM(AO6:AO18) -> 1321.0615 | AQ28: =SUM(AQ6:AQ18) -> 1202.2886 | AR28: =SUM(AR6:AR18) -> 1202.2886 | AT28: =SUM(AT6:AT18) -> 1901.5499 | AU28: =SUM(AU6:AU18) -> 1901.5499 | AW28: =SUM(AW6:AW18) -> 1953.786 | AX28: =SUM(AX6:AX18) -> 1731.5851 | AZ28: =SUM(AZ6:AZ18) -> 1186.4574 | BA28: =SUM(BA6:BA18) -> 1186.4574 | BC28: =SUM(BC6:BC18) -> 1666.8497 | BD28: =SUM(BD6:BD18) -> 1666.8497 | BF28: =SUM(BF6:BF18) -> 1330.0538 | BG28: =SUM(BG6:BG18) -> 1329.8606 | BI28: =SUM(BI6:BI18) -> 964.34715 | BJ28: =SUM(BJ6:BJ18) -> 964.34715 | BL28: =SUM(BL6:BL18) -> 1524.212 | BM28: =SUM(BM6:BM18) -> 1524.212 | BO28: =SUM(BO6:BO18) -> 1572.158 | BP28: =SUM(BP6:BP18) -> 1421.2868
G29: KPI | K29: =K28/J28 -> 0.99826027 | N29: =N28/M28 -> 0.99768902 | Q29: =Q28/P28 -> 0.99785817 | T29: =T28/S28 -> 0.90136305 | W29: =W28/V28 -> 0.50298396 | Z29: =Z28/Y28 -> 0.97201612 | AC29: =AC28/AB28 -> 0.76215557 | AF29: =AF28/AE28 -> 0.99637499 | AI29: =AI28/AH28 -> 0.97484363 | AL29: =AL28/AK28 -> 0.99855856 | AO29: =AO28/AN28 -> 0.99062364 | AR29: =AR28/AQ28 -> 1 | AU29: =AU28/AT28 -> 1 | AX29: =AX28/AW28 -> 0.8862716 | BA29: =BA28/AZ28 -> 1 | BD29: =BD28/BC28 -> 1 | BG29: =BG28/BF28 -> 0.99985475 | BJ29: =BJ28/BI28 -> 1 | BM29: =BM28/BL28 -> 1 | BP29: =BP28/BO28 -> 0.90403557
H31: =SUM(H6:H27) -> 90000
A39: 12 | B39: Customer | C39: Service Fullfillment | E39: Enterprise/ SME and Whole Sales Service Delivery - Fiber | F39: Above 95% | G39: =H39/$H$31 -> 0.38888889 | H39: 35000 | I39: ='OTN Operations'!G26 -> 0 | L39: ='OTN Operations'!H26 -> 0 | N39: 11.018824 | O39: ='OTN Operations'!L26 -> 0 | Q39: 11.08 | R39: ='OTN Operations'!J26 -> 0 | T39: 11.08 | U39: ='OTN Operations'!K26 -> 0 | W39: 11.034675 | X39: ='OTN Operations'!M26 -> 0 | Z39: 11 | AA39: ='OTN Operations'!I26 -> 0 | AC39: 11.01448 | AD39: ='OTN Operations'!N26 -> 0 | AF39: 11.08 | AG39: ='OTN Operations'!O26 -> 0 | AI39: 11.047059 | AJ39: ='OTN Operations'!P26 -> 0 | AL39: 11.08 | AM39: ='OTN Operations'!Q26 -> 0 | AO39: 11.08 | AP39: ='OTN Operations'!S26 -> 0 | AR39: 11.08 | AS39: ='OTN Operations'!T26 -> 0 | AU39: 11.08 | AV39: ='OTN Operations'!U26 -> 0 | AX39: 11.036199 | AY39: ='OTN Operations'!V26 -> 0 | BA39: 11.08 | BB39: ='OTN Operations'!W26 -> 0 | BD39: 11.08 | BE39: ='OTN Operations'!X26 -> 0 | BG39: 11.08 | BH39: ='OTN Operations'!Y26 -> 0 | BJ39: 11.08 | BK39: ='OTN Operations'!Z26 -> 0 | BM39: 11.08 | BN39: ='OTN Operations'!R26 -> 0 | BP39: 11.08

Sheet Service Assurance Faults
F1: Metro(Mr. Sarath Hewanayaka) | U1: REGION 1(Mr. Harindra Atapattu) | AM1: Region 2(Mr. W.S.P.Welikada) | BB1: Region 3(Mr. M Pathmachuthan)
F2: Metro 1(Mr. Inesh Attanayaka) | O2: Metro 2(Mr. Lidira Guruge) | U2: WPN(Mr. Krishantha Sandaruwan) | AA2: NWP(Mr. Sanjaya Perera) | AG2: CP(Mr. Rajiv Weragama) | AM2: SAB & UVA(Mr. Damitha Angunawala) | AS2: SP(Ms.Nilanka Menike) | AY2: WPS(Mr. Thisan Dammith) | BB2: EP(Mr. Y.Gobinath) | BE2: NP(Mr. S.M.J.M.Senanayake)
F3: NW/WPC1(Manjula) | I3: NW/WPC2(Ruwan) | L3: NW/WPE(Indika) | O3: NW/WP S-W(Karunananda) | R3: NW/WP S-E(Vishwajith) | U3: NW/WPN(Lansakkara) | X3: NW/WP N-E(Kamal) | AA3: NW/NWP-E(Thilini) | AD3: NW/NWP-W(Thilanga) | AG3: NW/CPN(Manora) | AJ3: NW/CPS(Iranga) | AM3: NW/UVA(Roshan) | AP3: NW/SAB(Chintaka) | AS3: NW/SPE(Thilina) | AV3: NW/SPW(Wasantha) | AY3: WPS(Lalin) | BB3: NW/EP(Kishanthan) | BE3: NW/NP-1(Nandakumaran) | BH3: NW/NP-2(Puveehan) | BK3: NW/NCP(Dileepa)
F4: HK | I4: CEN/MD | L4: KON/KX | O4: ND/RM | R4: AW/HO | U4: NG/WT | X4: GQ/KI/NTB | AA4: KG/KLY | AD4: CW/PX | AG4: KY/MT | AJ4: GP/HT/NW | AM4: BD/BW/MRG | AP4: KE/RN | AS4: EMB/HB/MH | AV4: AG/GL | AY4: HR/KT/PH | BB4: BC/AP/KL/TC | BE4: JA | BH4: KO/MLT/MB/VA | BK4: AD/PR
A5: #+A5:G20 | B5: Perspectives | C5: Strategic Objectives (KRA) | D5: Category | E5: Key Performance Indicators (KPI) | F5: Target | G5: Achievement | H5: KPI | I5: Achieved KPI | J5: Maximum Points Per KPI | K5: Points Achieved | L5: Achieved KPI | M5: Maximum Points Per KPI | N5: Points Achieved | O5: Achieved KPI | P5: Maximum Points Per KPI | Q5: Points Achieved | R5: Achieved KPI | S5: Maximum Points Per KPI | T5: Points Achieved | U5: Achieved KPI | V5: Maximum Points Per KPI | W5: Points Achieved | X5: Achieved KPI | Y5: Maximum Points Per KPI | Z5: Points Achieved | AA5: Achieved KPI | AB5: Maximum Points Per KPI | AC5: Points Achieved | AD5: Achieved KPI | AE5: Maximum Points Per KPI | AF5: Points Achieved | AG5: Achieved KPI | AH5: Maximum Points Per KPI | AI5: Points Achieved | AJ5: Achieved KPI | AK5: Maximum Points Per KPI | AL5: Points Achieved | AM5: Achieved KPI | AN5: Maximum Points Per KPI | AO5: Points Achieved | AP5: Achieved KPI | AQ5: Maximum Points Per KPI | AR5: Points Achieved | AS5: Achieved KPI | AT5: Maximum Points Per KPI | AU5: Points Achieved | AV5: Achieved KPI | AW5: Maximum Points Per KPI | AX5: Points Achieved | AY5: Achieved KPI | AZ5: Maximum Points Per KPI | BA5: Points Achieved | BB5: Achieved KPI | BC5: Maximum Points Per KPI | BD5: Points Achieved | BE5: Achieved KPI | BF5: Maximum Points Per KPI | BG5: Points Achieved | BH5: Achieved KPI | BI5: Maximum Points Per KPI | BJ5: Points Achieved | BK5: Achieved KPI | BL5: Maximum Points Per KPI | BM5: Points Achieved
A6: 16 | B6: Enterprise | C6: Service Assurance | D6: Other Operator | E6: Fault Rate (E/NW wise SLA) | H6: =IF(G6<F6,1,1-(G6-F6)/F6) -> #DIV/0!
A7: 17 | B7: Enterprise | C7: Service Assurance | D7: Other Operator | E7: Repeated Fault Index (E/NW wise SLA) | H7: =IF(G7<F7,1,1-(G7-F7)/F7) -> #DIV/0!
A8: 18 | B8: Enterprise | C8: Service Assurance | D8: Other Operator | E8: Fault Clearance Rate < 4 hrs | H8: =IF(G8>0.9,1,G8/0.9) -> 0
A9: 19 | B9: Enterprise | C9: Service Assurance | D9: Enteprise | E9: Fault Rate (E/NW wise SLA) | H9: =IF(G9<F9,1,1-(G9-F9)/F9) -> #DIV/0!
A10: 20 | B10: Enterprise | C10: Service Assurance | D10: Enteprise | E10: Repeated Fault Index (E/NW wise SLA) | H10: =IF(G10<F10,1,1-(G10-F10)/F10) -> #DIV/0!
A11: 21 | B11: Enterprise | C11: Service Assurance | D11: Enteprise | E11: Fault Clearance Rate < 4 hrs | H11: =IF(G11>0.9,1,G11/0.9) -> 0
G12: =SUM(#REF!) -> #REF! | H12: =SUM(#REF!) -> #REF! | J12: =SUM(#REF!) -> #REF! | K12: =SUM(#REF!) -> #REF! | M12: =SUM(#REF!) -> #REF! | N12: =SUM(#REF!) -> #REF! | P12: =SUM(#REF!) -> #REF! | Q12: =SUM(#REF!) -> #REF! | S12: =SUM(#REF!) -> #REF! | T12: =SUM(#REF!) -> #REF! | V12: =SUM(#REF!) -> #REF! | W12: =SUM(#REF!) -> #REF! | Y12: =SUM(#REF!) -> #REF! | Z12: =SUM(#REF!) -> #REF! | AB12: =SUM(#REF!) -> #REF! | AC12: =SUM(#REF!) -> #REF! | AE12: =SUM(#REF!) -> #REF! | AF12: =SUM(#REF!) -> #REF! | AH12: =SUM(#REF!) -> #REF! | AI12: =SUM(#REF!) -> #REF! | AK12: =SUM(#REF!) -> #REF! | AL12: =SUM(#REF!) -> #REF! | AN12: =SUM(#REF!) -> #REF! | AO12: =SUM(#REF!) -> #REF! | AQ12: =SUM(#REF!) -> #REF! | AR12: =SUM(#REF!) -> #REF! | AT12: =SUM(#REF!) -> #REF! | AU12: =SUM(#REF!) -> #REF! | AW12: =SUM(#REF!) -> #REF! | AX12: =SUM(#REF!) -> #REF! | AZ12: =SUM(#REF!) -> #REF! | BA12: =SUM(#REF!) -> #REF! | BC12: =SUM(#REF!) -> #REF! | BD12: =SUM(#REF!) -> #REF! | BF12: =SUM(#REF!) -> #REF! | BG12: =SUM(#REF!) -> #REF! | BI12: =SUM(#REF!) -> #REF! | BJ12: =SUM(#REF!) -> #REF! | BL12: =SUM(#REF!) -> #REF! | BM12: =SUM(#REF!) -> #REF!
H13: =H12/G12 -> #REF! | K13: =K12/J12 -> #REF! | N13: =N12/M12 -> #REF! | Q13: =Q12/P12 -> #REF! | T13: =T12/S12 -> #REF! | W13: =W12/V12 -> #REF! | Z13: =Z12/Y12 -> #REF! | AC13: =AC12/AB12 -> #REF! | AF13: =AF12/AE12 -> #REF! | AI13: =AI12/AH12 -> #REF! | AL13: =AL12/AK12 -> #REF! | AO13: =AO12/AN12 -> #REF! | AR13: =AR12/AQ12 -> #REF! | AU13: =AU12/AT12 -> #REF! | AX13: =AX12/AW12 -> #REF! | BA13: =BA12/AZ12 -> #REF! | BD13: =BD12/BC12 -> #REF! | BG13: =BG12/BF12 -> #REF! | BJ13: =BJ12/BI12 -> #REF! | BM13: =BM12/BL12 -> #REF!
A23: 12 | B23: Customer | C23: Service Fullfillment | E23: Enterprise/ SME and Whole Sales Service Delivery - Fiber | F23: ='OTN Operations'!G26 -> 0 | I23: ='OTN Operations'!H26 -> 0 | K23: 11.018824 | L23: ='OTN Operations'!L26 -> 0 | N23: 11.08 | O23: ='OTN Operations'!J26 -> 0 | Q23: 11.08 | R23: ='OTN Operations'!K26 -> 0 | T23: 11.034675 | U23: ='OTN Operations'!M26 -> 0 | W23: 11 | X23: ='OTN Operations'!I26 -> 0 | Z23: 11.01448 | AA23: ='OTN Operations'!N26 -> 0 | AC23: 11.08 | AD23: ='OTN Operations'!O26 -> 0 | AF23: 11.047059 | AG23: ='OTN Operations'!P26 -> 0 | AI23: 11.08 | AJ23: ='OTN Operations'!Q26 -> 0 | AL23: 11.08 | AM23: ='OTN Operations'!S26 -> 0 | AO23: 11.08 | AP23: ='OTN Operations'!T26 -> 0 | AR23: 11.08 | AS23: ='OTN Operations'!U26 -> 0 | AU23: 11.036199 | AV23: ='OTN Operations'!V26 -> 0 | AX23: 11.08 | AY23: ='OTN Operations'!W26 -> 0 | BA23: 11.08 | BB23: ='OTN Operations'!X26 -> 0 | BD23: 11.08 | BE23: ='OTN Operations'!Y26 -> 0 | BG23: 11.08 | BH23: ='OTN Operations'!Z26 -> 0 | BJ23: 11.08 | BK23: ='OTN Operations'!R26 -> 0 | BM23: 11.08

Sheet OTN Operations
A1: KPI(Fiber Failures Restoration,NW Availability-SLBN/SDH/FIBER NW/INTL BH) | F1: R-GM | G1: Metro | M1: REGION 1 | S1: Region 2 | X1: Region 3 | AA1: NW KPI
F2: P-DGM | G2: Metro 1 | J2: Metro 2 | M2: WPN & NWP | P2: CP & NCP | S2: SAB & UVA | U2: WPS & SP | X2: EP | Y2: NP
F3: NW EE | G3: NW/WPC1 | H3: NW/WPC2 | I3: NW/WP N-E | J3: NW/WP S-W | K3: NW/WP S-E | L3: NW/WPE | M3: NW/WPN | N3: NW/NWP-E | O3: NW/NWP-W | P3: NW/CPN | Q3: NW/CPS | R3: NW/NCP | S3: NW/UVA | T3: NW/SAB | U3: NW/SPE | V3: NW/SPW | W3: WPS | X3: NW/EP | Y3: NW/NP-1 | Z3: NW/NP-2
A4: No | B4: Network Engineers KPI's | C4: DIVISION | D4: SECTION | E4: KPI (%) | F4: RTOM AREA | G4: HK | H4: CEN/MD | I4: GQ/KI/NTB | J4: ND/RM | K4: AW/HO | L4: KON/KX | M4: NG/WT | N4: KG/KLY | O4: CW/PX | P4: DB/KY/MT | Q4: GP/HT/NW | R4: AD/PR | S4: BD/BW/MRG | T4: KE/RN | U4: EMB/HB/MH | V4: AG/GL | W4: HR/KT/PH | X4: BC/AP/KL/TC | Y4: JA | Z4: KO/MLT/MB/VA
A5: 8 | B5: SLBN NW Availability | C5: TRANSPORT & ACCESS | D5: BB&ANW | E5: 99.999 | G5: 1 | H5: 1 | I5: 1 | J5: 1 | K5: 1 | L5: 1 | M5: 1 | N5: 1 | O5: 1 | P5: 1 | Q5: 1 | R5: 1 | S5: 1 | T5: 1 | U5: 1 | V5: 1 | W5: 1 | X5: 1 | Y5: 1 | Z5: 1
B6: Unavailable NE minutes | G6: 0 | H6: 0 | I6: 0 | J6: 0 | K6: 0 | L6: 0 | M6: 0 | N6: 0 | O6: 0 | P6: 0 | Q6: 0 | R6: 0 | S6: 0 | T6: 0 | U6: 0 | V6: 0 | W6: 0 | X6: 0 | Y6: 0 | Z6: 0 | AA6: =SUM(G6:Z6) -> 0
B7: Total Minutes | G7: 86400 | H7: 223200 | I7: 267840 | J7: 223200 | K7: 133920 | L7: 178560 | M7: 267840 | N7: 89280 | O7: 44640 | P7: 133920 | Q7: 133920 | R7: 267840 | S7: 133920 | T7: 267840 | U7: 178560 | V7: 89280 | W7: 133920 | X7: 267840 | Y7: 44640 | Z7: 267840 | AA7: =SUM(G7:Z7) -> 3434400
B8: Total nodes | G8: 2 | H8: 3 | I8: 6 | J8: 5 | K8: 3 | L8: 4 | M8: 6 | N8: 2 | O8: 1 | P8: 3 | Q8: 3 | R8: 6 | S8: 3 | T8: 6 | U8: 4 | V8: 2 | W8: 3 | X8: 6 | Y8: 1 | Z8: 6 | AA8: =SUM(G8:Z8) -> 73
A9: 10 | B9: Fiber NW availability | C9: TRANSPORT & ACCESS | D9: BB&ANW | E9: 99.990 | G9: 0.9999829 | H9: 0.99986167 | I9: 0.99998524 | J9: 0.99981582 | K9: 0.99980034 | L9: 0.99994244 | M9: 0.99995285 | N9: 0.99972487 | O9: 0.99965063 | P9: 0.99983162 | Q9: 0.99938904 | R9: 0.99976741 | S9: 0.99994132 | T9: 0.99948744 | U9: 0.99983453 | V9: 0.99995104 | W9: 0.99989806 | X9: 0.99957776 | Y9: 0.99992279 | Z9: 0.99986006
B10: Unavailable Fiber Links minutes | G10: 5720 | H10: 4492 | I10: 6711 | J10: 739 | K10: 10512 | L10: 399 | M10: 19 | N10: 1634 | O10: 2228 | P10: 10694 | Q10: 27216 | R10: 14366 | S10: 1127 | T10: 9201 | U10: 3811 | V10: 2561 | W10: 737 | X10: 5374 | Y10: 357 | Z10: 4804 | AA10: =SUM(G10:Z10) -> 112702
B11: Total Fiber Links Minutes | G11: 259 | H11: 0 | I11: 11295 | J11: 435 | K11: 9004 | L11: 258 | M11: 1132 | N11: 2877 | O11: 1760 | P11: 10824 | Q11: 17588 | R11: 9355 | S11: 2166 | T11: 10127 | U11: 5643 | V11: 3533 | W11: 2993 | X11: 9448 | Y11: 1093 | Z11: 4268 | AA11: =SUM(G11:Z11) -> 104058
B12: Total Links | G12: 616 | H12: 616 | I12: 1219 | J12: 464 | K12: 470 | L12: 646 | M12: 439 | N12: 419 | O12: 151 | P12: 1407 | Q12: 417 | R12: 713 | S12: 457 | T12: 628 | U12: 750 | V12: 539 | W12: 848 | X12: 304 | Y12: 470 | Z12: 494 | AA12: =SUM(G12:Z12) -> 12067
A13: 12 | B13: Fiber Failures Restoration(General): <4 Hrs | C13: TRANSPORT & ACCESS | D13: INT & NT OP | E13: 0.85 | G13: 1 | H13: 1 | I13: 0.14285714 | J13: 0.5 | K13: 0 | L13: 1 | M13: 0.75 | N13: 1 | O13: 0.8 | P13: 1 | Q13: 0.94642857 | R13: 0.52941176 | S13: 1 | T13: 1 | U13: 0.25 | V13: 1 | W13: 1 | X13: 1 | Y13: 0.85714286 | Z13: 1
B14: Total Failed Links | G14: 0 | H14: 0 | I14: 7 | J14: 2 | K14: 5 | L14: 0 | M14: 4 | N14: 11 | O14: 5 | P14: 4 | Q14: 56 | R14: 17 | S14: 1 | T14: 0 | U14: 8 | V14: 4 | W14: 5 | X14: 0 | Y14: 7 | Z14: 26 | AA14: =SUM(G14:Z14) -> 162
B15: Links SLA Not Violated | G15: 0 | H15: 0 | I15: 1 | J15: 1 | K15: 0 | L15: 0 | M15: 3 | N15: 11 | O15: 4 | P15: 4 | Q15: 53 | R15: 9 | S15: 1 | T15: 0 | U15: 2 | V15: 4 | W15: 5 | X15: 0 | Y15: 6 | Z15: 26 | AA15: =SUM(G15:Z15) -> 130
A16: 13 | B16: Fiber Failures Restoration(Large scale< Pole damages etc>): <8 Hrs | C16: TRANSPORT & ACCESS | D16: INT & NT OP | E16: 0.8 | G16: 1 | H16: 1 | I16: 1 | J16: 1 | K16: 0 | L16: 1 | M16: 1 | N16: 1 | O16: 1 | P16: 0.9 | Q16: 0.83333333 | R16: 1 | S16: 1 | T16: 0.82142857 | U16: 0 | V16: 1 | W16: 0.875 | X16: 1 | Y16: 1 | Z16: 0.8
B17: Total Failed Links | G17: 1 | H17: 0 | I17: 0 | J17: 0 | K17: 8 | L17: 1 | M17: 0 | N17: 4 | O17: 1 | P17: 30 | Q17: 24 | R17: 15 | S17: 6 | T17: 28 | U17: 2 | V17: 8 | W17: 8 | X17: 31 | Y17: 0 | Z17: 5 | AA17: =SUM(G17:Z17) -> 172
B18: Links SLA Not Violated | G18: 1 | H18: 0 | I18: 0 | J18: 0 | K18: 0 | L18: 1 | M18: 0 | N18: 4 | O18: 1 | P18: 27 | Q18: 20 | R18: 15 | S18: 6 | T18: 23 | U18: 0 | V18: 8 | W18: 7 | X18: 31 | Y18: 0 | Z18: 4 | AA18: =SUM(G18:Z18) -> 148
B20: SDH and SLBN Links Failed Total
B21: SLBN & SDH NW <4 Hrs
B22: SLBN & SDH NW <8 Hrs
B23: NW faults in SLBN & SDH NW (General): <4 Hrs | C23: TRANSPORT & ACCESS | D23: INT & NT OP | E23: 100
B24: NW faults in SLBN & SDH NW (Large scale: <8 Hrs | C24: TRANSPORT & ACCESS | D24: INT & NT OP | E24: 100
B27: International BH Availability | C27: TRANSPORT & ACCESS | D27: INT & NT OP | G27: 1 | H27: 1 | I27: 1 | J27: 1 | K27: 1 | L27: 1 | M27: 1 | N27: 1 | O27: 1 | P27: 1 | Q27: 1 | R27: 1 | S27: 1 | T27: 1 | U27: 1 | V27: 1 | W27: 1 | X27: 1 | Y27: 1 | Z27: 1 | AA27: 1
B28: Unavailable NE minutes | H28: 0 | J28: 0 | K28: 0 | T28: 0 | U28: 0 | V28: 0 | W28: 0 | AA28: 0
B29: Total Minutes | G29: 0 | H29: 714240 | I29: 0 | J29: 357120 | K29: 89280 | L29: 0 | M29: 0 | N29: 0 | O29: 0 | P29: 0 | Q29: 0 | R29: 0 | S29: 0 | T29: 89280 | U29: 580320 | V29: 178560 | W29: 133920 | X29: 0 | Y29: 0 | Z29: 0 | AA29: 2142720
B30: Total nodes | G30: 0 | H30: 16 | I30: 0 | J30: 8 | K30: 2 | L30: 0 | M30: 0 | N30: 0 | O30: 0 | P30: 0 | Q30: 0 | R30: 0 | S30: 0 | T30: 2 | U30: 13 | V30: 4 | W30: 3 | X30: 0 | Y30: 0 | Z30: 0 | AA30: 48
G31: 1 | H31: 2 | I31: 3 | J31: 5 | K31: 6 | L31: 7 | M31: 8 | N31: 9 | O31: 10 | P31: 11 | Q31: 12 | R31: 13 | S31: 15 | T31: 15 | U31: 16 | V31: 17 | W31: 18 | X31: 19 | Y31: 20 | Z31: 21

Sheet Tower Maintenance
A2: KPI(TOWER MAINTENANCE) | F2: R-GM | G2: Metro | M2: REGION 1 | S2: Region 2 | X2: Region 3 | AA2: NW KPI
F3: P-DGM | G3: Metro 1 | J3: Metro 2 | M3: WPN & NWP | P3: CP & NCP | S3: SAB & UVA | U3: WPS & SP | X3: EP | Y3: NP
F4: NW EE | G4: NW/WPC1 | H4: E/WPC2 | I4: NW/WP N-E | J4: NW/WP S-W | K4: NW/WP S-E | L4: NW/WPE | M4: NW/WPN | N4: NW/NWP-E | O4: NW/NWP-W | P4: NW/CPN | Q4: NW/CPS | R4: NW/NCP | S4: NW/UVA | T4: NW/SAB | U4: NW/SPE | V4: NW/SPW | W4: WPS | X4: NW/EP | Y4: NW/NP-1 | Z4: NW/NP-2
A5: No | B5: Network Engineers responsibility | C5: Frequency | D5: weightage | E5: KPI (%) | F5: RTOM AREA | G5: HK | H5: CEN/MD | I5: GQ/KI/NTB | J5: ND/RM | K5: AW/HO | L5: KON/KX | M5: NG/WT | N5: KG/KLY | O5: CW/PX | P5: DB/KY/MT | Q5: GP/HT/NW | R5: AD/PR | S5: BD/BW/MRG | T5: KE/RN | U5: EMB/HB/MH | V5: AG/GL | W5: HR/KT/PH | X5: BC/AP/KL/TC | Y5: JA | Z5: KO/MLT/MB/VA
B6: Number of towers
A7: 1 | B7: Proper maintaining and cleaning of tower site, access roads, tower leg bases and guy bases. | C7: Quaterly | D7: 0.6 | E7: 100% | G7: 0.5 | H7: 0.36 | I7: 0.49090909 | J7: 0.6 | K7: 0 | L7: 0.45 | M7: 0.6 | N7: 0.49090909 | O7: 0.6 | P7: 0.552 | Q7: 0.5 | R7: 0.6 | S7: 0.6 | T7: 0.6 | U7: 0.45 | V7: 0.6 | W7: 0.6 | X7: 0.6 | Y7: 0.6 | Z7: 0.6
A8: 2 | B8: Visual inspection of tower condition, aviation lighting system etc. | C8: Quaterly | D8: 0.1 | E8: 100% | G8: 0.083333333 | H8: 0.06 | I8: 0.081818182 | J8: 0.1 | K8: 0 | L8: 0.075 | M8: 0.1 | N8: 0.081818182 | O8: 0.1 | P8: 0.092 | Q8: 0.083333333 | R8: 0.1 | S8: 0.1 | T8: 0.1 | U8: 0.075 | V8: 0.1 | W8: 0.1 | X8: 0.1 | Y8: 0.1 | Z8: 0.1
A9: 3 | B9: Measure earth readings and inspect Earthing system | C9: Quaterly | D9: 0.31 | E9: 100% | G9: 0.25 | H9: 0.18 | I9: 0.24545455 | J9: 0.3 | K9: 0 | L9: 0.225 | M9: 0.3 | N9: 0.24545455 | O9: 0.3 | P9: 0.276 | Q9: 0.25 | R9: 0.3 | S9: 0.3 | T9: 0.3 | U9: 0.225 | V9: 0.3 | W9: 0.3 | X9: 0.3 | Y9: 0.3 | Z9: 0.3
C19: E/NW/ EPS | D19: 15
C20: E/NW/CPN | D20: 23
C21: E/NW/CPS | D21: 28
C22: E/NW/NCP | D22: 27
C23: E/NW/NP2 | D23: 28
C24: E/NW/NPN | D24: 10
C25: E/NW/NWPE | D25: 11
C26: E/NW/NWPW | D26: 9
C27: E/NW/SAB | D27: 11
C28: E/NW/SPE | D28: 29
C29: E/NW/SPW | D29: 16
C30: E/NW/UVA | D30: 19
... C38: E/NW/WPSW | D38: 3
D39: =SUM(D19:D38) -> 275

Sheet IP NW Operations
A2: KPI(NW Availability-IP Core NW/BSR NW/Service Edge NW) | F2: R-GM | G2: Metro | M2: REGION 1 | S2: Region 2 | X2: Region 3 | AA2: NW KPI
F3: P-DGM | G3: Metro 1 | J3: Metro 2 | M3: WPN & NWP | P3: CP & NCP | S3: SAB & UVA | U3: WPS & SP | X3: EP | Y3: NP
F4: NW EE | G4: NW/WPC1 | H4: E/WPC2 | I4: NW/WP N-E | J4: NW/WP S-W | K4: NW/WP S-E | L4: NW/WPE | M4: NW/WPN | N4: NW/NWP-E | O4: NW/NWP-W | P4: NW/CPN | Q4: NW/CPS | R4: NW/NCP | S4: NW/UVA | T4: NW/SAB | U4: NW/SPE | V4: NW/SPW | W4: WPS | X4: NW/EP | Y4: NW/NP-1 | Z4: NW/NP-2
A5: No | B5: Network Engineers KPI's | C5: DIVISION | D5: SECTION | E5: KPI (%) | F5: RTOM AREA | G5: HK | H5: CEN/MD | I5: GQ/KI/NTB | J5: ND/RM | K5: AW/HO | L5: KON/KX | M5: NG/WT | N5: KG/KLY | O5: CW/PX | P5: DB/KY/MT | Q5: GP/HT/NW | R5: AD/PR | S5: BD/BW/MRG | T5: KE/RN | U5: EMB/HB/MH | V5: AG/GL | W5: HR/KT/PH | X5: BC/AP/KL/TC | Y5: JA | Z5: KO/MLT/MB/VA
A6: 8 | B6: IP Core NW Availability | C6: TRANSPORT & ACCESS | D6: IPNWOP | E6: 99.999 | G6: 1 | H6: 1 | I6: 1 | J6: 1 | K6: 1 | L6: 1 | M6: 1 | N6: 1 | O6: 1 | P6: 1 | Q6: 1 | R6: 1 | S6: 1 | T6: 1 | U6: 1 | V6: 1 | W6: 1 | X6: 1 | Y6: 1 | Z6: 1 | AA6: 1
B7: Unavailable NE minutes | G7: 0 | H7: N/A | I7: N/A | J7: N/A | K7: N/A | L7: N/A | M7: N/A | N7: 0 | O7: N/A | P7: 0 | Q7: N/A | R7: N/A | S7: N/A | T7: 0 | U7: N/A | V7: N/A | W7: 0 | X7: N/A | Y7: N/A | Z7: N/A | AA7: 0
B8: Total Minutes | G8: 89280 | H8: N/A | I8: N/A | J8: N/A | K8: N/A | L8: N/A | M8: N/A | N8: 44640 | O8: N/A | P8: 44640 | Q8: N/A | R8: N/A | S8: N/A | T8: 44640 | U8: N/A | V8: N/A | W8: 44640 | X8: N/A | Y8: N/A | Z8: N/A | AA8: 259200
B9: Total nodes | G9: 2 | H9: 0 | I9: 0 | J9: 0 | K9: 0 | L9: 0 | M9: 0 | N9: 1 | O9: 0 | P9: 1 | Q9: 0 | R9: 0 | S9: 0 | T9: 1 | U9: 0 | V9: 0 | W9: 1 | X9: 0 | Y9: 0 | Z9: 0 | AA9: 6
A10: 9 | B10: BSR NW availability | C10: TRANSPORT & ACCESS | D10: IPNWOP | E10: 99.990 | G10: 1 | H10: 1 | I10: 1 | J10: 1 | K10: 1 | L10: 1 | M10: 1 | N10: 1 | O10: 1 | P10: 1 | Q10: 1 | R10: 1 | S10: 1 | T10: 1 | U10: 1 | V10: 1 | W10: 1 | X10: 1 | Y10: 1 | Z10: 1 | AA10: 1
B11: Unavailable NE minutes | G11: 0 | H11: N/A | I11: 0 | J11: 0 | K11: 0 | L11: 0 | M11: 0 | N11: 0 | O11: N/A | P11: 0 | Q11: N/A | R11: 0 | S11: N/A | T11: 0 | U11: 0 | V11: N/A | W11: 0 | X11: N/A | Y11: 0 | Z11: N/A | AA11: 0
B12: Total NE Minutes | G12: 178560 | H12: N/A | I12: 44640 | J12: 44640 | K12: 44640 | L12: 44640 | M12: 89280 | N12: 0 | O12: N/A | P12: 44640 | Q12: N/A | R12: 44640 | S12: N/A | T12: 44640 | U12: 44640 | V12: N/A | W12: 44640 | X12: N/A | Y12: 44640 | Z12: N/A | AA12: 691200
B13: Total nodes | G13: 4 | H13: 0 | I13: 1 | J13: 1 | K13: 1 | L13: 1 | M13: 2 | N13: 1 | O13: 0 | P13: 1 | Q13: 0 | R13: 1 | S13: 0 | T13: 1 | U13: 1 | V13: 0 | W13: 1 | X13: 0 | Y13: 1 | Z13: 0 | AA13: 17
A14: 10 | B14: Service Edge NW availability | C14: TRANSPORT & ACCESS | D14: IPNWOP | E14: 99.950 | G14: 1 | H14: 1 | I14: 1 | J14: 1 | K14: 1 | L14: 1 | M14: 1 | N14: 1 | O14: 1 | P14: 1 | Q14: 0.99987007 | R14: 0.9994325 | S14: 1 | T14: 0.99993969 | U14: 1 | V14: 1 | W14: 1 | X14: 0.99679766 | Y14: 1 | Z14: 1 | AA14: 0.99993659
B15: Unavailable NE minutes | Q15: 145 | R15: 684 | T15: 70 | X15: 3002 | AA15: 1449
B16: Total NE Minutes | G16: 1071360 | H16: 4062240 | I16: 1249920 | J16: 1071360 | K16: 1071360 | L16: 1919520 | M16: 1339200 | N16: 1071360 | O16: 446400 | P16: 1294560 | Q16: 1116000 | R16: 1205280 | S16: 848160 | T16: 1160640 | U16: 1428480 | V16: 669600 | W16: 937440 | X16: 937440 | Y16: 446400 | Z16: 669600 | AA16: 22852800
B17: Total nodes | G17: 24 | H17: 91 | I17: 28 | J17: 24 | K17: 24 | L17: 43 | M17: 30 | N17: 24 | O17: 10 | P17: 29 | Q17: 25 | R17: 27 | S17: 19 | T17: 26 | U17: 32 | V17: 15 | W17: 21 | X17: 21 | Y17: 10 | Z17: 15 | AA17: 529
J21: No.Of Days for this month | K21: 28

Sheet Wireline Access NW Op
A1: KPI(MSANN Power Failures Restoration,NW Availability-MSAN/OLT ) | F1: R-GM | G1: Metro | M1: REGION 1 | S1: Region 2 | X1: Region 3 | AA1: NW KPI
F2: P-DGM | G2: Metro 1 | J2: Metro 2 | M2: WPN & NWP | P2: CP & NCP | S2: SAB & UVA | U2: WPS & SP | X2: EP | Y2: NP
F3: NW EE | G3: NW/WPC | H3: E/NW/WPC2 | I3: NW/WP N-E | J3: NW/WP S-W | K3: NW/WP S-E | L3: NW/WPE | M3: NW/WPN | N3: NW/NWP-E | O3: NW/NWP-W | P3: NW/CPN | Q3: NW/CPS | R3: NW/NCP | S3: NW/UVA | T3: NW/SAB | U3: NW/SPE | V3: NW/SPW | W3: WPS | X3: NW/EP | Y3: NW/NP-1 | Z3: NW/NP-2
A4: No | B4: Network Engineers KPI's | C4: DIVISION | D4: SECTION | E4: KPI (%) | F4: RTOM AREA | G4: CEN/HK/MD | H4: CEN/HK/MD | I4: GQ/KI/NTB | J4: ND/RM | K4: AW/HO | L4: KON/KX | M4: NG/WT | N4: KG/KLY | O4: CW/PX | P4: DB/KY/MT | Q4: GP/HT/NW | R4: AD/PR | S4: BD/BW/MRG | T4: KE/RN | U4: EMB/HB/MH | V4: AG/GL | W4: HR/KT/PH | X4: BC/AP/KL/TC | Y4: JA | Z4: KO/MLT/MB/VA
A5: 10 | B5: MSAN availability (Except power) | C5: TRANSPORT & ACCESS | D5: BB&ANW | E5: 99.990
B6: Unavailable MSAN minutes
B7: Total MSAN Minutes
A8: 11 | B8: MSAN availability (With power) | C8: TRANSPORT & ACCESS | D8: BB&ANW | E8: 99.940
B9: Unavailable MSAN minutes
B10: Total MSAN Minutes
B11: Total No of Customers | C11: BB&ANW | G11: 0 | H11: 0 | I11: 0 | J11: 0 | K11: 0 | L11: 0 | M11: 0 | N11: 0 | O11: 0 | P11: 0 | Q11: 0 | R11: 0 | S11: 0 | T11: 0 | U11: 0 | V11: 0 | W11: 0 | X11: 0 | Y11: 0 | Z11: 0

Sheet Service Fulfillment
A1: KPI(Enterprise/ SME and Whole Sales Service Delivery - Fiber)
J5: R-GM | K5: Metro | Q5: REGION 1 | W5: Region 2 | AB5: Region 3
J6: P-DGM | K6: Metro 1 | N6: Metro 2 | Q6: WPN & NWP | T6: CP & NCP | W6: SAB & UVA | Y6: WPS & SP | AB6: EP | AC6: NP
J7: NW EE | K7: WPC-1 | L7: WPC-2 | M7: NW/WP N-E | N7: NW/WP S-W | O7: NW/WP S-E | P7: NW/WPE | Q7: NW/WPN | R7: NW/NWP-E | S7: NW/NWP-W | T7: NW/CPN | U7: NW/CPS | V7: NW/NCP | W7: NW/UVA | X7: NW/SAB | Y7: NW/SPE | Z7: NW/SPW | AA7: WPS | AB7: NW/EP | AC7: NW/NP-1 | AD7: NW/NP-2
J8: RTOM AREA | K8: HK | L8: CEN/MD | M8: GQ/KI/NTB | N8: ND/RM | O8: AW/HO | P8: KON/KX | Q8: NG/WT | R8: KG/KLY | S8: CW/PX | T8: DB/KY/MT | U8: GP/HT/NW | V8: AD/PR | W8: BD/BW/MRG | X8: KE/RN | Y8: EMB/HB/MH | Z8: AG/GL | AA8: HR/KT/PH | AB8: BC/AP/KL/TC | AC8: JA | AD8: KO/MLT/MB/VA
A9: No | B9: KPI | C9: Target | D9: Calculation | E9: Platform | F9: Responsible DGM | G9: Defined OLA Details | H9: Weightage | I9: Data Sources
A10: 1 | B10: Identification of proper CEA Node and customer location code creation in OSS for delivering services(IDNENTIFY FACILITIES) | C10: 0.9 | D10: WOO completed within OLA/Total WOO Received | E10: Fiber | F10: Regional DGM/DGM SF | G10: 2 Days | H10: 0.1 | I10: OSS Reports | K10: 0.85714286 | L10: 0.81081081 | M10: 0.83333333 | N10: 1 | O10: 1 | P10: 1 | Q10: 0.66666667 | R10: 0.5 | S10: 1 | T10: 1 | U10: 1 | V10: 1 | W10: 1 | X10: 1 | Y10: 1 | Z10: 1 | AA10: 0.66666667 | AB10: 1 | AC10: 1 | AD10: 1
A11: 2 | B11: Assign fiber cores and completion of X-connections in OSS if end to end fiber available. If not inform whether finber is not available or incompete and complete other required OSS attributes. (RESERVE ACCESS FIBER) | C11: 0.9 | D11: WOO completed within OLA/Total WOO Received | E11: Fiber | F11: Regional DGM/DGM SF | G11: 2 Days | H11: 0.2 | I11: OSS Reports | K11: 0.94444444 | L11: 0.51851852 | M11: 0.75 | N11: 0.85714286 | O11: 1 | P11: 1 | Q11: 0.83333333 | R11: 1 | S11: 1 | T11: 1 | U11: 1 | V11: 1 | W11: 1 | X11: 1 | Y11: 1 | Z11: 1 | AA11: 1 | AB11: 1 | AC11: 1 | AD11: 1
A12: 3 | B12: Completion of live joint splicing and termination. (SPLICE & TERMINATE) | C12: 0.9 | D12: WOO completed within OLA/Total WOO Received | E12: Fiber | F12: Regional DGM/DGM SF | G12: 5 Days | H12: 0.2 | I12: OSS Reports | K12: 1 | L12: 1 | M12: 1 | N12: 1 | O12: 1 | P12: 1 | Q12: 0.75 | R12: 1 | S12: 1 | T12: 1 | U12: 1 | V12: 1 | W12: 1 | X12: 1 | Y12: 1 | Z12: 1 | AA12: 1 | AB12: 1 | AC12: 1 | AD12: 1
A13: 4 | B13: Upload fiber information in to OSS after completing splicing. (UPLOAD FIBER IN OSS) | C13: 0.9 | D13: WOO completed within OLA/Total WOO Received | E13: Fiber | F13: Regional DGM/DGM SF | G13: 2 Days | H13: 0.1 | I13: OSS Reports | K13: 0.66666667 | L13: 0.35714286 | M13: 1 | N13: 1 | O13: 1 | P13: 0.8 | Q13: 1 | R13: 1 | S13: 1 | T13: 1 | U13: 1 | V13: 1 | W13: 1 | X13: 1 | Y13: 1 | Z13: 0.83333333 | AA13: 1 | AB13: 1 | AC13: 1 | AD13: 1
A14: 5 | B14: Assign new fiber cores and completion of X-connections in OSS after completing new fiber laying. (ASSIGN NEW ACCESS FIBER) | C14: 0.9 | D14: WOO completed within OLA/Total WOO Received | E14: Fiber | F14: Regional DGM/DGM SF | G14: 2 Days | H14: 0.1 | I14: OSS Reports | K14: 1 | L14: 1 | M14: 1 | N14: 1 | O14: 0 | P14: 1 | Q14: 1 | R14: 1 | S14: 1 | T14: 1 | U14: 1 | V14: 1 | W14: 1 | X14: 1 | Y14: 1 | Z14: 1 | AA14: 1 | AB14: 1 | AC14: 1 | AD14: 1
A15: 6 | B15: Verify fiber termination, set up end to end connectivity, install NTU (SS/SFP), measure end to end power levels and update OSS attributes. (ESTABLISH ACCESS LINK) | C15: 0.9 | D15: WOO completed within OLA/Total WOO Received | E15: Fiber | F15: Regional DGM/DGM SF | G15: 3 days | H15: 0.2 | I15: OSS Reports | K15: 0.55555556 | L15: 0.57142857 | M15: 0.75 | N15: 1 | O15: 1 | P15: 0.8 | Q15: 0.9 | R15: 0.5 | S15: 1 | T15: 1 | U15: 0 | V15: 1 | W15: 0.66666667 | X15: 1 | Y15: 0.85714286 | Z15: 1 | AA15: 0.75 | AB15: 1 | AC15: 1 | AD15: 1
A16: 7 | B16: Installation of NTUs (INSTALL NTU/MODIFY NTU FO) | C16: 0.9 | D16: WOO completed within OLA/Total WOO Received | E16: Fiber | F16: Regional DGM/DGM SF | G16: 3 days | H16: 0.05 | I16: OSS Reports | K16: 1 | L16: 1 | M16: 0 | N16: 1 | O16: 1 | P16: 1 | Q16: 1 | R16: 1 | S16: 1 | T16: 1 | U16: 1 | V16: 1 | W16: 0 | X16: 1 | Y16: 0 | Z16: 1 | AA16: 1 | AB16: 1 | AC16: 1 | AD16: 1
A17: 8 | B17: Installation of SHDSL cards | C17: 0.9 | D17: WOO completed within OLA/Total WOO Received | E17: Fiber | F17: Regional DGM/DGM SF | G17: 4 Days | H17: 0.05 | I17: OSS Reports | K17: 1 | L17: 1 | M17: 1 | N17: 1 | O17: 1 | P17: 1 | Q17: 1 | R17: 1 | S17: 1 | T17: 1 | U17: 1 | V17: 1 | W17: 1 | X17: 0 | Y17: 1 | Z17: 1 | AA17: 1 | AB17: 1 | AC17: 1 | AD17: 1
A18: Enterprise/SME and Whole Sales Service Delivery | K18: =K10*0.1+K11*0.2+K12*0.2+K13*0.1+K14*0.1+K15*0.2+K16*0.05+K17*0.05 -> 0.85238095 | L18: =L10*0.1+L11*0.2+L12*0.2+L13*0.1+L14*0.1+L15*0.2+L16*0.05+L17*0.05 -> 0.73478478 | M18: =M10*0.1+M11*0.2+M12*0.2+M13*0.1+M14*0.1+M15*0.2+M16*0.05+M17*0.05 -> 0.83333333 | N18: =N10*0.1+N11*0.2+N12*0.2+N13*0.1+N14*0.1+N15*0.2+N16*0.05+N17*0.05 -> 0.97142857 | O18: =O10*0.1+O11*0.2+O12*0.2+O13*0.1+O14*0.1+O15*0.2+O16*0.05+O17*0.05 -> 0.9 | P18: =P10*0.1+P11*0.2+P12*0.2+P13*0.1+P14*0.1+P15*0.2+P16*0.05+P17*0.05 -> 0.94 | Q18: =Q10*0.1+Q11*0.2+Q12*0.2+Q13*0.1+Q14*0.1+Q15*0.2+Q16*0.05+Q17*0.05 -> 0.86333333 | R18: =R10*0.1+R11*0.2+R12*0.2+R13*0.1+R14*0.1+R15*0.2+R16*0.05+R17*0.05 -> 0.85 | ... AD18: =AD10*0.1+AD11*0.2+AD12*0.2+AD13*0.1+AD14*0.1+AD15*0.2+AD16*0.05+AD17*0.05 -> 1

Sheet Routine Maintenance
I2: R-GM | J2: Metro | V2: REGION 1 | AH2: Region 2 | AR2: Region 3
I3: P-DGM | J3: Metro 1 | P3: Metro 2 | V3: WPN & NWP | AB3: CP & NCP | AH3: SAB & UVA | AL3: WPS & SP | AR3: EP | AT3: NP
I4: NW EE | J4: NW/WPC1 | L4: E/WPC2 | N4: NW/WP N-E | P4: NW/WP S-W | R4: NW/WP S-E | T4: NW/WPE | V4: NW/WPN | X4: NW/NWP-E | Z4: NW/NWP-W | AB4: NW/CPN | AD4: NW/CPS | AF4: NW/NCP | AH4: NW/UVA | AJ4: NW/SAB | AL4: NW/SPE | AN4: NW/SPW | AP4: WPS | AR4: NW/EP | AT4: NW/NP-1 | AV4: NW/NP-2
I5: RTOM AREA | J5: HK | L5: CEN/MD | N5: GQ/KI/NTB | P5: ND/RM | R5: AW/HO | T5: KON/KX | V5: NG/WT | X5: KG/KLY | Z5: CW/PX | AB5: DB/KY/MT | AD5: GP/HT/NW | AF5: AD/PR | AH5: BD/BW/MRG | AJ5: KE/RN | AL5: EMB/HB/MH | AN5: AG/GL | AP5: HR/KT/PH | AR5: BC/AP/KL/TC | AT5: JA | AV5: KO/MLT/MB/VA
A6: No | B6: KPI | C6: Target | D6: Calculation | E6: Platform | F6: Responsible DGM | G6: Defined OLA Details | H6: Data Sources
A7: 1 | B7: Routing maintenace - IPNW (every two months) | C7: 1 | D7: # completed nodes/Total # Nodes | E7: IPNW | F7: NW Mng | G7: Every 2 Months | H7: NW Report | J7: 1 | L7: 1 | N7: 1 | P7: 1 | R7: 1 | T7: 1 | V7: 1 | X7: 1 | Z7: 1 | AB7: 1 | AD7: 1 | AF7: 1 | AH7: 1 | AJ7: 1 | AL7: 1 | AN7: 1 | AP7: 1 | AR7: 1 | AT7: 1 | AV7: 1
A8: 2 | B8: Routing maintenace - SDH/SLBN (every two months) | C8: 1 | D8: # completed nodes/Total # Nodes | E8: Int & NT | F8: NW Mng | G8: Every 2 Months | H8: NW Report | J8: 1 | L8: 1 | N8: 1 | P8: 1 | R8: 1 | T8: 1 | V8: 1 | X8: 1 | Z8: 1 | AB8: 1 | AD8: 1 | AF8: 1 | AH8: 1 | AJ8: 1 | AL8: 1 | AN8: 1 | AP8: 1 | AR8: 1 | AT8: 1 | AV8: 1
A9: 3 | B9: Routing maintenace - MSANN/OLTE (every six months) | C9: 1 | D9: # completed nodes/Total # Nodes | E9: BB&ANW | F9: NW Mng | G9: Every 4 Months | H9: NW Report | J9: 1 | L9: 1 | N9: 1 | P9: 1 | R9: 1 | T9: 1 | V9: 1 | X9: 1 | Z9: 1 | AB9: 1 | AD9: 1 | AF9: 1 | AH9: 1 | AJ9: 1 | AL9: 1 | AN9: 1 | AP9: 1 | AR9: 1 | AT9: 1 | AV9: 1
A10: 4 | B10: Routing maintenace - eNode-B (every six months) | C10: 1 | D10: # completed nodes/Total # Nodes | E10: WNO | F10: NW Mng | G10: Every 4 Months | H10: NW Report
I11: # Nodes - IPNW(Nadeesha) | J11: Distribution | K11: Achievement | L11: Distribution | M11: Achievement | N11: Distribution | O11: Achievement | P11: Distribution | Q11: Achievement | R11: Distribution | S11: Achievement | T11: Distribution | U11: Achievement | V11: Distribution | W11: Achievement | X11: Distribution | Y11: Achievement | Z11: Distribution | AA11: Achievement | AB11: Distribution | AC11: Achievement | AD11: Distribution | AE11: Achievement | AF11: Distribution | AG11: Achievement | AH11: Distribution | AI11: Achievement | AL11: Distribution | AM11: Achievement | AN11: Distribution | AO11: Achievement | AP11: Distribution | AQ11: Achievement | AR11: Distribution | AS11: Achievement | AT11: Distribution | AU11: Achievement | AV11: Distribution | AW11: Achievement | AX11: Total
J12: 18 | L12: 77 | N12: 27 | P12: 25 | R12: 14 | T12: 28 | V12: 30 | X12: 19 | Z12: 9 | AB12: 26 | AD12: 23 | AF12: 22 | AH12: 16 | AJ12: 24 | AL12: 34 | AN12: 13 | AP12: 18 | AR12: 16 | AT12: 7 | AV12: 14 | AX12: =SUM(AV12,AT12,AR12,AP12,AN12,AL12,AJ12,AH12,AF12,AD12,AB12,Z12,X12,V12,T12,R12,P12,N12,L12,J12) -> 460
I13: JAN | J13: 9 | K13: 25 | L13: 39 | M13: 4 | N13: 14 | O13: 25 | P13: 13 | Q13: 9 | R13: 7 | S13: 2 | T13: 14 | U13: 12 | V13: 15 | W13: 26 | X13: 10 | Y13: 19 | Z13: 5 | AA13: 5 | AB13: 13 | AC13: 14 | AD13: 12 | AE13: 16 | AF13: 12 | AG13: 11 | AH13: 8 | AI13: 10 | AJ13: 12 | AK13: 12 | AL13: 17 | AM13: 18 | AN13: 7 | AO13: 10 | AP13: 9 | AQ13: 6 | AR13: 8 | AS13: 8 | AT13: 3 | AU13: 3 | AV13: 7 | AW13: 3 | AX13: =SUM(AV13,AT13,AR13,AP13,AN13,AL13,AJ13,AH13,AF13,AD13,AB13,Z13,X13,V13,T13,R13,P13,N13,L13,J13) -> 234
I14: FEB | J14: 9 | K14: 2 | L14: 38 | M14: 0 | N14: 13 | O14: 8 | P14: 12 | Q14: 12 | R14: 7 | S14: 0 | T14: 14 | U14: 5 | V14: 15 | W14: 11 | X14: 9 | Y14: 0 | Z14: 4 | AA14: 4 | AB14: 13 | AC14: 14 | AD14: 11 | AE14: 8 | AF14: 11 | AG14: 11 | AH14: 8 | AI14: 11 | AJ14: 12 | AK14: 12 | AL14: 17 | AM14: 20 | AN14: 7 | AO14: 5 | AP14: 9 | AQ14: 9 | AR14: 8 | AS14: 8 | AT14: 4 | AU14: 4 | AV14: 7 | AW14: 13 | AX14: =SUM(AV14,AT14,AR14,AP14,AN14,AL14,AJ14,AH14,AF14,AD14,AB14,Z14,X14,V14,T14,R14,P14,N14,L14,J14) -> 228
I15: MAR | J15: 9 | L15: 38 | N15: 13 | P15: 12 | R15: 7 | T15: 14 | V15: 15 | X15: 9 | Z15: 4 | AB15: 13 | AD15: 11 | AF15: 12 | AH15: 8 | AJ15: 12 | AL15: 17 | AN15: 7 | AP15: 9 | AR15: 8 | AT15: 4 | AV15: 7 | AX15: =SUM(AV15,AT15,AR15,AP15,AN15,AL15,AJ15,AH15,AF15,AD15,AB15,Z15,X15,V15,T15,R15,P15,N15,L15,J15) -> 229
I16: APR | J16: 9 | L16: 39 | N16: 14 | P16: 13 | R16: 7 | T16: 14 | V16: 15 | X16: 10 | Z16: 5 | AB16: 13 | AD16: 12 | AF16: 12 | AH16: 8 | AJ16: 12 | AL16: 17 | AN16: 7 | AP16: 9 | AR16: 8 | AT16: 3 | AV16: 7 | AX16: =SUM(AV16,AT16,AR16,AP16,AN16,AL16,AJ16,AH16,AF16,AD16,AB16,Z16,X16,V16,T16,R16,P16,N16,L16,J16) -> 234
I17: MAY | J17: 9 | L17: 38 | N17: 13 | P17: 12 | R17: 7 | T17: 14 | V17: 15 | X17: 9 | Z17: 4 | AB17: 13 | AD17: 11 | AF17: 12 | AH17: 8 | AJ17: 12 | AL17: 17 | AN17: 7 | AP17: 9 | AR17: 8 | AT17: 4 | AV17: 7 | AX17: =SUM(AV17,AT17,AR17,AP17,AN17,AL17,AJ17,AH17,AF17,AD17,AB17,Z17,X17,V17,T17,R17,P17,N17,L17,J17) -> 229
I18: JUN | J18: 9 | L18: 39 | N18: 14 | P18: 13 | R18: 7 | T18: 14 | V18: 15 | X18: 10 | Z18: 5 | AB18: 13 | AD18: 12 | AF18: 12 | AH18: 8 | AJ18: 12 | AL18: 17 | AN18: 7 | AP18: 9 | AR18: 8 | AT18: 3 | AV18: 7 | AX18: =SUM(AV18,AT18,AR18,AP18,AN18,AL18,AJ18,AH18,AF18,AD18,AB18,Z18,X18,V18,T18,R18,P18,N18,L18,J18) -> 234
I19: JUL | J19: 9 | L19: 38 | N19: 13 | P19: 12 | R19: 7 | T19: 14 | V19: 15 | X19: 9 | Z19: 4 | AB19: 13 | AD19: 11 | AF19: 12 | AH19: 8 | AJ19: 12 | AL19: 17 | AN19: 7 | AP19: 9 | AR19: 8 | AT19: 4 | AV19: 7 | AX19: =SUM(AV19,AT19,AR19,AP19,AN19,AL19,AJ19,AH19,AF19,AD19,AB19,Z19,X19,V19,T19,R19,P19,N19,L19,J19) -> 229
I20: AUG | J20: 9 | L20: 39 | N20: 14 | P20: 13 | R20: 7 | T20: 14 | V20: 15 | X20: 10 | Z20: 5 | AB20: 13 | AD20: 12 | AF20: 12 | AH20: 8 | AJ20: 12 | AL20: 17 | AN20: 7 | AP20: 9 | AR20: 8 | AT20: 3 | AV20: 7 | AX20: =SUM(AV20,AT20,AR20,AP20,AN20,AL20,AJ20,AH20,AF20,AD20,AB20,Z20,X20,V20,T20,R20,P20,N20,L20,J20) -> 234
I21: SEP | J21: 9 | L21: 38 | N21: 13 | P21: 12 | R21: 7 | T21: 14 | V21: 15 | X21: 9 | Z21: 4 | AB21: 13 | AD21: 11 | AF21: 11 | AH21: 8 | AJ21: 12 | AL21: 17 | AN21: 7 | AP21: 9 | AR21: 8 | AT21: 4 | AV21: 7 | AX21: =SUM(AV21,AT21,AR21,AP21,AN21,AL21,AJ21,AH21,AF21,AD21,AB21,Z21,X21,V21,T21,R21,P21,N21,L21,J21) -> 228
I22: OCT | J22: 9 | L22: 39 | N22: 14 | P22: 13 | R22: 7 | T22: 14 | V22: 15 | X22: 10 | Z22: 5 | AB22: 13 | AD22: 12 | AF22: 11 | AH22: 8 | AJ22: 12 | AL22: 17 | AN22: 7 | AP22: 9 | AR22: 8 | AT22: 3 | AV22: 7 | AX22: =SUM(AV22,AT22,AR22,AP22,AN22,AL22,AJ22,AH22,AF22,AD22,AB22,Z22,X22,V22,T22,R22,P22,N22,L22,J22) -> 233
I23: NOV | J23: 9 | L23: 38 | N23: 13 | P23: 12 | R23: 7 | T23: 14 | V23: 15 | X23: 9 | Z23: 4 | AB23: 13 | AD23: 11 | AF23: 11 | AH23: 8 | AJ23: 12 | AL23: 17 | AN23: 7 | AP23: 9 | AR23: 8 | AT23: 4 | AV23: 7 | AX23: =SUM(AV23,AT23,AR23,AP23,AN23,AL23,AJ23,AH23,AF23,AD23,AB23,Z23,X23,V23,T23,R23,P23,N23,L23,J23) -> 228
I24: DEC | J24: 9 | L24: 39 | N24: 14 | P24: 13 | R24: 7 | T24: 14 | V24: 15 | X24: 10 | Z24: 5 | AB24: 13 | AD24: 12 | AF24: 11 | AH24: 8 | AJ24: 12 | AL24: 17 | AN24: 7 | AP24: 9 | AR24: 8 | AT24: 3 | AV24: 7 | AX24: =SUM(AV24,AT24,AR24,AP24,AN24,AL24,AJ24,AH24,AF24,AD24,AB24,Z24,X24,V24,T24,R24,P24,N24,L24,J24) -> 233
AX25: =SUM(AV25,AT25,AR25,AP25,AN25,AL25,AJ25,AH25,AF25,AD25,AB25,Z25,X25,V25,T25,R25,P25,N25,L25,J25) -> 0
I26: # Nodes - SLBN/SDH | J26: 2 | L26: 4 | N26: 5 | P26: 5 | R26: 3 | T26: 4 | V26: 7 | X26: 3 | Z26: 1 | AB26: 4 | AD26: 3 | AF26: 7 | AH26: 3 | AJ26: 6 | AL26: 5 | AN26: 2 | AP26: 3 | AR26: 4 | AT26: 1 | AV26: 8 | AX26: =SUM(AV26,AT26,AR26,AP26,AN26,AL26,AJ26,AH26,AF26,AD26,AB26,Z26,X26,V26,T26,R26,P26,N26,L26,J26) -> 80
I27: JAN | J27: 1 | K27: 4 | L27: 2 | M27: 0 | N27: 2 | O27: 6 | P27: 2 | Q27: 2 | R27: 1 | S27: 1 | T27: 2 | U27: 6 | V27: 3 | W27: 5 | X27: 1 | Y27: 2 | Z27: 1 | AA27: 1 | AB27: 2 | AC27: 3 | AD27: 1 | AE27: 2 | AF27: 4 | AG27: 6 | AH27: 2 | AI27: 3 | AJ27: 3 | AK27: 4 | AL27: 3 | AM27: 5 | AN27: 1 | AO27: 2 | AP27: 2 | AQ27: 3 | AR27: 2 | AS27: 4 | AT27: 0 | AU27: 1 | AV27: 4 | AW27: 7 | AX27: =SUM(AV27,AT27,AR27,AP27,AN27,AL27,AJ27,AH27,AF27,AD27,AB27,Z27,X27,V27,T27,R27,P27,N27,L27,J27) -> 39
I28: FEB | J28: 1 | K28: 1 | L28: 2 | M28: 0 | N28: 3 | O28: 3 | P28: 3 | Q28: 5 | R28: 2 | S28: 1 | T28: 2 | U28: 1 | V28: 4 | W28: 6 | X28: 2 | Y28: 5 | Z28: 0 | AA28: 1 | AB28: 2 | AC28: 3 | AD28: 2 | AE28: 1 | AF28: 3 | AG28: 6 | AH28: 1 | AI28: 3 | AJ28: 3 | AK28: 3 | AL28: 2 | AM28: 5 | AN28: 1 | AO28: 2 | AP28: 1 | AQ28: 3 | AR28: 2 | AS28: 4 | AT28: 1 | AU28: 1 | AV28: 4 | AW28: 7 | AX28: =SUM(AV28,AT28,AR28,AP28,AN28,AL28,AJ28,AH28,AF28,AD28,AB28,Z28,X28,V28,T28,R28,P28,N28,L28,J28) -> 41
I29: MAR | J29: 1 | L29: 2 | N29: 2 | P29: 2 | R29: 1 | T29: 2 | V29: 3 | X29: 1 | Z29: 1 | AB29: 2 | AD29: 1 | AF29: 4 | AH29: 2 | AJ29: 3 | AL29: 3 | AN29: 1 | AP29: 2 | AR29: 2 | AT29: 0 | AV29: 4 | AX29: =SUM(AV29,AT29,AR29,AP29,AN29,AL29,AJ29,AH29,AF29,AD29,AB29,Z29,X29,V29,T29,R29,P29,N29,L29,J29) -> 39
I30: APR | J30: 1 | L30: 2 | N30: 3 | P30: 3 | R30: 2 | T30: 2 | V30: 4 | X30: 2 | Z30: 0 | AB30: 2 | AD30: 2 | AF30: 3 | AH30: 1 | AJ30: 3 | AL30: 2 | AN30: 1 | AP30: 1 | AR30: 2 | AT30: 1 | AV30: 4 | AX30: =SUM(AV30,AT30,AR30,AP30,AN30,AL30,AJ30,AH30,AF30,AD30,AB30,Z30,X30,V30,T30,R30,P30,N30,L30,J30) -> 41
I31: MAY | J31: 1 | L31: 2 | N31: 2 | P31: 2 | R31: 1 | T31: 2 | V31: 3 | X31: 1 | Z31: 1 | AB31: 2 | AD31: 1 | AF31: 4 | AH31: 2 | AJ31: 3 | AL31: 3 | AN31: 1 | AP31: 2 | AR31: 2 | AT31: 0 | AV31: 4 | AX31: =SUM(AV31,AT31,AR31,AP31,AN31,AL31,AJ31,AH31,AF31,AD31,AB31,Z31,X31,V31,T31,R31,P31,N31,L31,J31) -> 39
I32: JUN | J32: 1 | L32: 2 | N32: 3 | P32: 3 | R32: 2 | T32: 2 | V32: 4 | X32: 2 | Z32: 0 | AB32: 2 | AD32: 2 | AF32: 3 | AH32: 1 | AJ32: 3 | AL32: 2 | AN32: 1 | AP32: 1 | AR32: 2 | AT32: 1 | AV32: 4 | AX32: =SUM(AV32,AT32,AR32,AP32,AN32,AL32,AJ32,AH32,AF32,AD32,AB32,Z32,X32,V32,T32,R32,P32,N32,L32,J32) -> 41
I33: JUL | J33: 1 | L33: 2 | N33: 2 | P33: 2 | R33: 1 | T33: 2 | V33: 3 | X33: 1 | Z33: 1 | AB33: 2 | AD33: 1 | AF33: 4 | AH33: 2 | AJ33: 3 | AL33: 3 | AN33: 1 | AP33: 2 | AR33: 2 | AT33: 0 | AV33: 4 | AX33: =SUM(AV33,AT33,AR33,AP33,AN33,AL33,AJ33,AH33,AF33,AD33,AB33,Z33,X33,V33,T33,R33,P33,N33,L33,J33) -> 39
I34: AUG | J34: 1 | L34: 2 | N34: 3 | P34: 3 | R34: 2 | T34: 2 | V34: 4 | X34: 2 | Z34: 0 | AB34: 2 | AD34: 2 | AF34: 3 | AH34: 1 | AJ34: 3 | AL34: 2 | AN34: 1 | AP34: 1 | AR34: 2 | AT34: 1 | AV34: 4 | AX34: =SUM(AV34,AT34,AR34,AP34,AN34,AL34,AJ34,AH34,AF34,AD34,AB34,Z34,X34,V34,T34,R34,P34,N34,L34,J34) -> 41
I35: SEP | J35: 1 | L35: 2 | N35: 2 | P35: 2 | R35: 1 | T35: 2 | V35: 3 | X35: 1 | Z35: 1 | AB35: 2 | AD35: 1 | AF35: 4 | AH35: 2 | AJ35: 3 | AL35: 3 | AN35: 1 | AP35: 2 | AR35: 2 | AT35: 0 | AV35: 4 | AX35: =SUM(AV35,AT35,AR35,AP35,AN35,AL35,AJ35,AH35,AF35,AD35,AB35,Z35,X35,V35,T35,R35,P35,N35,L35,J35) -> 39
I36: OCT | J36: 1 | L36: 2 | N36: 3 | P36: 3 | R36: 2 | T36: 2 | V36: 4 | X36: 2 | Z36: 0 | AB36: 2 | AD36: 2 | AF36: 3 | AH36: 1 | AJ36: 3 | AL36: 2 | AN36: 1 | AP36: 1 | AR36: 2 | AT36: 1 | AV36: 4 | AX36: =SUM(AV36,AT36,AR36,AP36,AN36,AL36,AJ36,AH36,AF36,AD36,AB36,Z36,X36,V36,T36,R36,P36,N36,L36,J36) -> 41
I37: NOV | J37: 1 | L37: 2 | N37: 2 | P37: 2 | R37: 1 | T37: 2 | V37: 3 | X37: 1 | Z37: 1 | AB37: 2 | AD37: 1 | AF37: 4 | AH37: 2 | AJ37: 3 | AL37: 3 | AN37: 1 | AP37: 2 | AR37: 2 | AT37: 0 | AV37: 4 | AX37: =SUM(AV37,AT37,AR37,AP37,AN37,AL37,AJ37,AH37,AF37,AD37,AB37,Z37,X37,V37,T37,R37,P37,N37,L37,J37) -> 39
I38: DEC | J38: 1 | L38: 2 | N38: 3 | P38: 3 | R38: 2 | T38: 2 | V38: 4 | X38: 2 | Z38: 0 | AB38: 2 | AD38: 2 | AF38: 3 | AH38: 1 | AJ38: 3 | AL38: 2 | AN38: 1 | AP38: 1 | AR38: 2 | AT38: 1 | AV38: 4 | AX38: =SUM(AV38,AT38,AR38,AP38,AN38,AL38,AJ38,AH38,AF38,AD38,AB38,Z38,X38,V38,T38,R38,P38,N38,L38,J38) -> 41
AX39: =SUM(AV39,AT39,AR39,AP39,AN39,AL39,AJ39,AH39,AF39,AD39,AB39,Z39,X39,V39,T39,R39,P39,N39,L39,J39) -> 0
I40: # Nodes - MSAN/OLTE (Kumuthini) | J40: 142 | L40: 220 | N40: 467 | P40: 383 | R40: 245 | T40: 283 | V40: 438 | X40: 272 | Z40: 181 | AB40: 591 | AD40: 346 | AF40: 240 | AH40: 227 | AJ40: 398 | AL40: 336 | AN40: 185 | AP40: 441 | AR40: 279 | AT40: 215 | AV40: 264 | AX40: =SUM(AV40,AT40,AR40,AP40,AN40,AL40,AJ40,AH40,AF40,AD40,AB40,Z40,X40,V40,T40,R40,P40,N40,L40,J40) -> 6153
I41: JAN | J41: 24 | L41: 37 | N41: 77 | P41: 63 | R41: 50 | T41: 71 | V41: 73 | X41: 45 | Z41: 30 | AB41: 98 | AD41: 57 | AF41: 40 | AH41: 37 | AJ41: 66 | AL41: 56 | AN41: 30 | AP41: 72 | AR41: 46 | AT41: 36 | AV41: 44 | AX41: =SUM(AV41,AT41,AR41,AP41,AN41,AL41,AJ41,AH41,AF41,AD41,AB41,Z41,X41,V41,T41,R41,P41,N41,L41,J41) -> 1052
I42: FEB | J42: 24 | L42: 37 | N42: 78 | P42: 64 | R42: 51 | T42: 71 | V42: 73 | X42: 45 | Z42: 30 | AB42: 98 | AD42: 57 | AF42: 40 | AH42: 38 | AJ42: 66 | AL42: 56 | AN42: 31 | AP42: 74 | AR42: 46 | AT42: 36 | AV42: 44 | AX42: =SUM(AV42,AT42,AR42,AP42,AN42,AL42,AJ42,AH42,AF42,AD42,AB42,Z42,X42,V42,T42,R42,P42,N42,L42,J42) -> 1059
I43: MAR | J43: 24 | L43: 37 | N43: 78 | P43: 64 | R43: 51 | T43: 71 | V43: 73 | X43: 45 | Z43: 30 | AB43: 99 | AD43: 58 | AF43: 40 | AH43: 37 | AJ43: 66 | AL43: 56 | AN43: 31 | AP43: 74 | AR43: 46 | AT43: 36 | AV43: 44 | AX43: =SUM(AV43,AT43,AR43,AP43,AN43,AL43,AJ43,AH43,AF43,AD43,AB43,Z43,X43,V43,T43,R43,P43,N43,L43,J43) -> 1060
I44: APR | J44: 24 | L44: 37 | N44: 78 | P44: 64 | R44: 51 | T44: 71 | V44: 73 | X44: 45 | Z44: 30 | AB44: 99 | AD44: 58 | AF44: 40 | AH44: 38 | AJ44: 66 | AL44: 56 | AN44: 31 | AP44: 74 | AR44: 47 | AT44: 36 | AV44: 44 | AX44: =SUM(AV44,AT44,AR44,AP44,AN44,AL44,AJ44,AH44,AF44,AD44,AB44,Z44,X44,V44,T44,R44,P44,N44,L44,J44) -> 1062
I45: MAY | J45: 23 | L45: 36 | N45: 78 | P45: 64 | R45: 51 | T45: 71 | V45: 73 | X45: 45 | Z45: 30 | AB45: 99 | AD45: 58 | AF45: 40 | AH45: 37 | AJ45: 66 | AL45: 56 | AN45: 31 | AP45: 74 | AR45: 47 | AT45: 36 | AV45: 44 | AX45: =SUM(AV45,AT45,AR45,AP45,AN45,AL45,AJ45,AH45,AF45,AD45,AB45,Z45,X45,V45,T45,R45,P45,N45,L45,J45) -> 1059
I46: JUN | J46: 23 | L46: 36 | N46: 78 | P46: 64 | R46: 51 | T46: 71 | V46: 74 | X46: 47 | Z46: 31 | AB46: 99 | AD46: 58 | AF46: 40 | AH46: 38 | AJ46: 68 | AL46: 56 | AN46: 31 | AP46: 74 | AR46: 47 | AT46: 36 | AV46: 44 | AX46: =SUM(AV46,AT46,AR46,AP46,AN46,AL46,AJ46,AH46,AF46,AD46,AB46,Z46,X46,V46,T46,R46,P46,N46,L46,J46) -> 1066
I47: JUL | J47: 24 | L47: 37 | N47: 77 | P47: 63 | R47: 50 | T47: 71 | V47: 73 | X47: 45 | Z47: 30 | AB47: 98 | AD47: 57 | AF47: 40 | AH47: 37 | AJ47: 66 | AL47: 56 | AN47: 30 | AP47: 72 | AR47: 46 | AT47: 36 | AV47: 44 | AX47: =SUM(AV47,AT47,AR47,AP47,AN47,AL47,AJ47,AH47,AF47,AD47,AB47,Z47,X47,V47,T47,R47,P47,N47,L47,J47) -> 1052
I48: AUG | J48: 24 | L48: 37 | N48: 78 | P48: 64 | R48: 51 | T48: 71 | V48: 73 | X48: 45 | Z48: 30 | AB48: 98 | AD48: 57 | AF48: 40 | AH48: 38 | AJ48: 66 | AL48: 56 | AN48: 31 | AP48: 74 | AR48: 46 | AT48: 36 | AV48: 44 | AX48: =SUM(AV48,AT48,AR48,AP48,AN48,AL48,AJ48,AH48,AF48,AD48,AB48,Z48,X48,V48,T48,R48,P48,N48,L48,J48) -> 1059
I49: SEP | J49: 24 | L49: 37 | N49: 78 | P49: 64 | R49: 51 | T49: 71 | V49: 73 | X49: 45 | Z49: 30 | AB49: 99 | AD49: 58 | AF49: 40 | AH49: 37 | AJ49: 66 | AL49: 56 | AN49: 31 | AP49: 74 | AR49: 46 | AT49: 36 | AV49: 44 | AX49: =SUM(AV49,AT49,AR49,AP49,AN49,AL49,AJ49,AH49,AF49,AD49,AB49,Z49,X49,V49,T49,R49,P49,N49,L49,J49) -> 1060
I50: OCT | J50: 24 | L50: 37 | N50: 78 | P50: 64 | R50: 51 | T50: 71 | V50: 73 | X50: 45 | Z50: 30 | AB50: 99 | AD50: 58 | AF50: 40 | AH50: 38 | AJ50: 66 | AL50: 56 | AN50: 31 | AP50: 74 | AR50: 47 | AT50: 36 | AV50: 44 | AX50: =SUM(AV50,AT50,AR50,AP50,AN50,AL50,AJ50,AH50,AF50,AD50,AB50,Z50,X50,V50,T50,R50,P50,N50,L50,J50) -> 1062
I51: NOV | J51: 23 | L51: 36 | N51: 78 | P51: 64 | R51: 51 | T51: 71 | V51: 73 | X51: 45 | Z51: 30 | AB51: 99 | AD51: 58 | AF51: 40 | AH51: 37 | AJ51: 66 | AL51: 56 | AN51: 31 | AP51: 74 | AR51: 47 | AT51: 36 | AV51: 44 | AX51: =SUM(AV51,AT51,AR51,AP51,AN51,AL51,AJ51,AH51,AF51,AD51,AB51,Z51,X51,V51,T51,R51,P51,N51,L51,J51) -> 1059
I52: DEC | J52: 23 | L52: 36 | N52: 78 | P52: 64 | R52: 51 | T52: 71 | V52: 74 | X52: 47 | Z52: 31 | AB52: 99 | AD52: 58 | AF52: 40 | AH52: 38 | AJ52: 68 | AL52: 56 | AN52: 31 | AP52: 74 | AR52: 47 | AT52: 36 | AV52: 44 | AX52: =SUM(AV52,AT52,AR52,AP52,AN52,AL52,AJ52,AH52,AF52,AD52,AB52,Z52,X52,V52,T52,R52,P52,N52,L52,J52) -> 1066

Sheet KPI Comparison
A1: Network Engineer | B1: Previous KPI | C1: New KPI
A2: NW/WPC1(Manjula) | B2: =([2]E_NW!J20/([2]E_NW!$G$20-[2]E_NW!$G$16))*([2]E_NW!$G$21) -> 1.9722222 | C2: 1
A3: NW/WPC2(Ruwan) | B3: =([2]E_NW!L20/([2]E_NW!$G$20-[2]E_NW!$G$16))*([2]E_NW!$G$21) -> 1.3322946 | C3: 0.69134076
A4: NW/WPE(Indika) | B4: 1 | C4: 1
A5: NW/WP S-W(Karunananda) | B5: 1 | C5: 0.99999235
A6: NW/WP S-E(Vishwajith) | B6: 0.59631923 | C6: 0.54145584
A7: NW/WPN(Lansakkara) | B7: 0.72222222 | C7: 0.90599398
A8: NW/WP N-E(Kamal) | B8: 0.81799899 | C8: 0.7353481
A9: NW/NWP-E(Thilini) | B9: 1 | C9: 0.99999066
A10: NW/NWP-W(Thilanga) | B10: =([2]E_NW!Z20/([2]E_NW!$G$20-[2]E_NW!$G$16))*([2]E_NW!$G$21) -> 1.7176531 | C10: 0.69312395
A11: NW/CPN(Manora) | B11: =([2]E_NW!AB20/([2]E_NW!$G$20-[2]E_NW!$G$16))*([2]E_NW!$G$21) -> 1.9722222 | C11: 0.99999193
A12: NW/CPS(Iranga) | B12: =([2]E_NW!AD20/([2]E_NW!$G$20-[2]E_NW!$G$16))*([2]E_NW!$G$21) -> 1.9722222 | C12: 0.99999193
A13: NW/UVA(Roshan) | B13: 0.97076023 | C13: 0.9691806
A14: NW/SAB(Chintaka) | B14: 1 | C14: 0.99998456
A15: NW/SPE(Thilina) | B15: 0.87833082 | C15: 0.88015813
A16: NW/SPW(Wasantha) | B16: 1 | C16: 0.99999452
A17: WPS(Lalin) | B17: =([2]E_NW!AN20/([2]E_NW!$G$20-[2]E_NW!$G$16))*([2]E_NW!$G$21) -> 1.9722222 | C17: 1
A18: NW/EP(Kishanthan) | B18: =([2]E_NW!AP20/([2]E_NW!$G$20-[2]E_NW!$G$16))*([2]E_NW!$G$21) -> 1.9722222 | C18: 0.99999
A19: NW/NP-1(Nandakumaran) | B19: 0.99992246 | C19: 0.99975473
A20: NW/NP-2(Puveehan) | B20: 1 | C20: 0.99999585
A21: NW/NCP(Dileepa) | B21: =([2]E_NW!AV20/([2]E_NW!$G$20-[2]E_NW!$G$16))*([2]E_NW!$G$21) -> 1.9722222 | C21: 0.9999913
